t_hours,alpha_max0.001,R_spall_max0.001,R_crush_max0.001,alpha_max0.01,R_spall_max0.01,R_crush_max0.01,alpha_max0.03,R_spall_max0.03,R_crush_max0.03
0.000000000000e+00,1.000000000000e-05,1.746804658635e+00,3.373216754785e+00,1.000000000000e-05,1.746804658635e+00,3.373216754785e+00,1.000000000000e-05,1.746804658635e+00,3.373216754785e+00
2.500000000000e-01,1.000000000000e-05,1.746804658635e+00,3.373216754785e+00,1.000000000000e-05,1.746804658635e+00,3.373216754785e+00,1.000000000000e-05,1.746804658635e+00,3.373216754785e+00
5.000000000000e-01,1.000000000000e-05,1.746804658635e+00,3.373216754785e+00,1.000000000000e-05,1.746804658635e+00,3.373216754785e+00,1.000000000000e-05,1.746804658635e+00,3.373216754785e+00
7.500000000000e-01,1.000000000000e-05,1.746804658635e+00,3.373216754785e+00,1.000000000000e-05,1.746804658635e+00,3.373216754785e+00,1.000000000000e-05,1.746804658635e+00,3.373216754785e+00
1.000000000000e+00,1.000000000000e-05,1.746804658635e+00,3.373216754785e+00,1.000000000000e-05,1.746804658635e+00,3.373216754785e+00,1.000000000000e-05,1.746804658635e+00,3.373216754785e+00
1.250000000000e+00,1.000000000000e-05,1.746804658635e+00,3.373216754785e+00,1.000000000000e-05,1.746804658635e+00,3.373216754785e+00,1.000000000000e-05,1.746804658635e+00,3.373216754785e+00
1.500000000000e+00,1.000000000000e-05,1.746804658635e+00,3.373216754785e+00,1.000000000000e-05,1.746804658635e+00,3.373216754785e+00,1.000000000000e-05,1.746804658635e+00,3.373216754785e+00
1.750000000000e+00,1.000000000000e-05,1.746804658635e+00,3.373216754785e+00,1.000000000000e-05,1.746804658635e+00,3.373216754785e+00,1.000000000000e-05,1.746804658635e+00,3.373216754785e+00
2.000000000000e+00,1.000000000000e-05,1.746804658635e+00,3.373216754785e+00,1.000000000000e-05,1.746804658635e+00,3.373216754785e+00,1.000000000000e-05,1.746804658635e+00,3.373216754785e+00
2.250000000000e+00,1.000000000000e-05,1.746804658635e+00,3.373216754785e+00,1.000000000000e-05,1.746804658635e+00,3.373216754785e+00,1.000000000000e-05,1.746804658635e+00,3.373216754785e+00
2.500000000000e+00,1.000000000000e-05,1.746804658635e+00,3.373216754785e+00,1.000000000000e-05,1.746804658635e+00,3.373216754785e+00,1.000000000000e-05,1.746804658635e+00,3.373216754785e+00
2.750000000000e+00,1.000000000000e-05,1.746804658635e+00,3.373216754785e+00,1.000000000000e-05,1.746804658635e+00,3.373216754785e+00,1.000000000000e-05,1.746804658635e+00,3.373216754785e+00
3.000000000000e+00,1.000000000000e-05,1.746804658635e+00,3.373216754785e+00,1.000000000000e-05,1.746804658635e+00,3.373216754785e+00,1.000000000000e-05,1.746804658635e+00,3.373216754785e+00
3.250000000000e+00,1.000000000000e-05,1.746804658635e+00,3.373216754785e+00,1.000000000000e-05,1.746804658635e+00,3.373216754785e+00,1.000000000000e-05,1.746804658635e+00,3.373216754785e+00
3.500000000000e+00,1.000000000000e-05,1.746804658635e+00,3.373216754785e+00,1.000000000000e-05,1.746804658635e+00,3.373216754785e+00,1.000000000000e-05,1.746804658635e+00,3.373216754785e+00
3.750000000000e+00,1.000000000000e-05,1.746804658635e+00,3.373216754785e+00,1.000000000000e-05,1.746804658635e+00,3.373216754785e+00,1.000000000000e-05,1.746804658635e+00,3.373216754785e+00
4.000000000000e+00,1.000000000000e-05,1.746804658635e+00,3.373216754785e+00,1.000000000000e-05,1.746804658635e+00,3.373216754785e+00,1.000000000000e-05,1.746804658635e+00,3.373216754785e+00
4.250000000000e+00,1.000000000000e-05,1.746804658635e+00,3.373216754785e+00,1.000000000000e-05,1.746804658635e+00,3.373216754785e+00,1.000000000000e-05,1.746804658635e+00,3.373216754785e+00
4.500000000000e+00,1.000000000000e-05,1.746804658635e+00,3.373216754785e+00,1.000000000000e-05,1.746804658635e+00,3.373216754785e+00,1.000000000000e-05,1.746804658635e+00,3.373216754785e+00
4.750000000000e+00,1.000000000000e-05,1.746804658635e+00,3.373216754785e+00,1.000000000000e-05,1.746804658635e+00,3.373216754785e+00,1.000000000000e-05,1.746804658635e+00,3.373216754785e+00
5.000000000000e+00,1.000000000000e-05,1.746804658635e+00,3.373216754785e+00,1.000000000000e-05,1.746804658635e+00,3.373216754785e+00,1.000000000000e-05,1.746804658635e+00,3.373216754785e+00
5.250000000000e+00,1.000000000000e-05,1.746804658635e+00,3.373216754785e+00,1.000000000000e-05,1.746804658635e+00,3.373216754785e+00,1.000000000000e-05,1.746804658635e+00,3.373216754785e+00
5.500000000000e+00,1.000000000000e-05,1.746804658635e+00,3.373216754785e+00,1.000000000000e-05,1.746804658635e+00,3.373216754785e+00,1.000000000000e-05,1.746804658635e+00,3.373216754785e+00
5.750000000000e+00,1.000000000000e-05,1.746804658635e+00,3.373216754785e+00,1.000000000000e-05,1.746804658635e+00,3.373216754785e+00,1.000000000000e-05,1.746804658635e+00,3.373216754785e+00
6.000000000000e+00,1.000000000000e-05,1.746804658635e+00,3.373216754785e+00,1.000000000000e-05,1.746804658635e+00,3.373216754785e+00,1.000000000000e-05,1.746804658635e+00,3.373216754785e+00
6.250000000000e+00,1.423479361996e-05,1.747599211725e+00,3.372942905855e+00,5.273291743782e-05,1.754693401299e+00,3.370500540880e+00,1.382843036997e-04,1.771978929980e+00,3.365076408749e+00
6.500000000000e+00,2.686671598691e-05,1.749928618481e+00,3.372140416135e+00,1.802004976861e-04,1.780472127108e+00,3.362432923824e+00,5.209422347954e-04,1.849192506514e+00,3.341300156535e+00
6.750000000000e+00,4.767963140691e-05,1.753757911964e+00,3.370822349897e+00,3.902217351061e-04,1.822614419388e+00,3.349405607625e+00,1.151426409993e-03,1.991817005982e+00,3.303297548789e+00
7.000000000000e+00,7.631742512670e-05,1.759373158920e+00,3.369011791267e+00,6.792031080967e-04,1.884332117702e+00,3.331558314666e+00,2.018949070252e-03,2.210980806746e+00,3.254304148665e+00
7.250000000000e+00,1.122900965558e-04,1.766713044370e+00,3.366718591991e+00,1.042200065245e-03,1.965304247286e+00,3.309870255015e+00,3.108666662333e-03,2.526535508620e+00,3.198895731863e+00
7.500000000000e+00,1.549821433127e-04,1.775231150086e+00,3.364063956090e+00,1.473001627973e-03,2.069635073013e+00,3.284645189155e+00,4.401933816108e-03,2.933753027293e+00,3.138343247215e+00
7.750000000000e+00,2.036630926407e-04,1.785056587140e+00,3.361009305921e+00,1.964236662101e-03,2.196236365113e+00,3.257301230947e+00,5.876622372014e-03,3.375772683644e+00,3.075947898431e+00
8.000000000000e+00,2.575000000000e-04,1.795933578062e+00,3.357637113589e+00,2.507500000000e-03,2.347264159739e+00,3.228670688354e+00,7.507500000000e-03,3.781561153443e+00,3.016213623384e+00
8.250000000000e+00,3.155717009793e-04,1.807487815687e+00,3.354066753375e+00,3.093496255336e-03,2.521980783195e+00,3.199572755778e+00,9.266661931685e-03,4.135737684208e+00,2.956863976723e+00
8.500000000000e+00,3.768845726743e-04,1.820123667737e+00,3.350170149752e+00,3.712198869713e-03,2.717103678400e+00,3.169835228876e+00,1.112400841869e-02,4.517306130598e+00,2.900835492036e+00
8.750000000000e+00,4.403895348511e-04,1.833077767525e+00,3.346187052520e+00,4.353021669861e-03,2.918263279769e+00,3.140551713741e+00,1.304775974766e-02,4.835056065543e+00,2.849613494038e+00
9.000000000000e+00,5.050000000000e-04,1.845555637323e+00,3.342369170283e+00,5.005000000000e-03,3.119216553424e+00,3.113006626509e+00,1.500500000000e-02,5.074183088138e+00,2.800504566364e+00
9.250000000000e+00,5.696104651489e-04,1.860232747661e+00,3.338229885197e+00,5.656978330139e-03,3.314225226617e+00,3.084599633260e+00,1.696224025234e-02,5.253320825708e+00,2.756283989983e+00
9.500000000000e+00,6.331154273257e-04,1.873476264399e+00,3.334570265874e+00,6.297801130287e-03,3.490519577071e+00,3.060827276130e+00,1.888599158131e-02,5.387440660052e+00,2.716746765829e+00
9.750000000000e+00,6.944282990207e-04,1.887768374968e+00,3.330608550434e+00,6.916503744664e-03,3.646232241304e+00,3.037054604303e+00,2.074333806831e-02,5.489780750397e+00,2.680758336703e+00
1.000000000000e+01,7.525000000000e-04,1.900262844183e+00,3.327169690832e+00,7.502500000000e-03,3.780420662654e+00,3.016382895608e+00,2.250250000000e-02,5.560413902371e+00,2.647761696156e+00
1.025000000000e+01,8.063369073593e-04,1.911609324135e+00,3.324055275397e+00,8.045763337899e-03,3.896678406158e+00,2.998137486321e+00,2.413337762799e-02,5.618393321461e+00,2.620603823047e+00
1.050000000000e+01,8.550178566873e-04,1.922934683439e+00,3.320932163137e+00,8.536998372027e-03,3.989506808637e+00,2.980825638847e+00,2.560806618389e-02,5.660024647858e+00,2.597246514537e+00
1.075000000000e+01,8.977099034442e-04,1.932390012868e+00,3.318338111621e+00,8.967799934755e-03,4.075809673953e+00,2.966442567884e+00,2.690133333767e-02,5.683989547366e+00,2.576803913973e+00
1.100000000000e+01,9.336825748733e-04,1.940042172477e+00,3.316247583443e+00,9.330796891903e-03,4.148607184211e+00,2.954848644447e+00,2.799105092975e-02,5.703890686103e+00,2.560239351217e+00
1.125000000000e+01,9.623203685931e-04,1.946108026678e+00,3.314640849268e+00,9.619778264894e-03,4.207793794901e+00,2.945936103342e+00,2.885857359001e-02,5.718931563900e+00,2.547453233042e+00
1.150000000000e+01,9.831332840131e-04,1.950716373167e+00,3.313503243777e+00,9.829799502314e-03,4.252027244602e+00,2.939624894858e+00,2.948905776520e-02,5.729449957407e+00,2.538371338032e+00
1.175000000000e+01,9.957652063800e-04,1.953470153901e+00,3.312824638326e+00,9.957267082562e-03,4.278854758767e+00,2.935859757450e+00,2.987171569630e-02,5.735673526851e+00,2.532942301411e+00
1.200000000000e+01,1.000000000000e-03,1.954386226727e+00,3.312599089595e+00,1.000000000000e-02,4.287845736121e+00,2.934608273428e+00,3.000000000000e-02,5.737733721147e+00,2.531135941417e+00
1.225000000000e+01,9.957652063800e-04,1.953470153901e+00,3.312824638326e+00,9.957267082562e-03,4.278854758767e+00,2.935859757450e+00,2.987171569630e-02,5.735673526851e+00,2.532942301411e+00
1.250000000000e+01,9.831332840131e-04,1.950716373167e+00,3.313503243777e+00,9.829799502314e-03,4.252027244602e+00,2.939624894858e+00,2.948905776520e-02,5.729449957407e+00,2.538371338032e+00
1.275000000000e+01,9.623203685931e-04,1.946108026678e+00,3.314640849268e+00,9.619778264894e-03,4.207793794901e+00,2.945936103342e+00,2.885857359001e-02,5.718931563900e+00,2.547453233042e+00
1.300000000000e+01,9.336825748733e-04,1.940042172477e+00,3.316247583443e+00,9.330796891903e-03,4.148607184211e+00,2.954848644447e+00,2.799105092975e-02,5.703890686103e+00,2.560239351217e+00
1.325000000000e+01,8.977099034442e-04,1.932390012868e+00,3.318338111621e+00,8.967799934755e-03,4.075809673953e+00,2.966442567884e+00,2.690133333767e-02,5.683989547366e+00,2.576803913973e+00
1.350000000000e+01,8.550178566873e-04,1.922934683439e+00,3.320932163137e+00,8.536998372027e-03,3.989506808637e+00,2.980825638847e+00,2.560806618389e-02,5.660024647858e+00,2.597246514537e+00
1.375000000000e+01,8.063369073593e-04,1.911609324135e+00,3.324055275397e+00,8.045763337899e-03,3.896678406158e+00,2.998137486321e+00,2.413337762799e-02,5.618393321461e+00,2.620603823047e+00
1.400000000000e+01,7.525000000000e-04,1.900262844183e+00,3.327169690832e+00,7.502500000000e-03,3.780420662654e+00,3.016382895608e+00,2.250250000000e-02,5.560413902371e+00,2.647761696156e+00
1.425000000000e+01,6.944282990207e-04,1.887768374968e+00,3.330608550434e+00,6.916503744664e-03,3.646232241304e+00,3.037054604303e+00,2.074333806831e-02,5.489780750397e+00,2.680758336703e+00
1.450000000000e+01,6.331154273257e-04,1.873476264399e+00,3.334570265874e+00,6.297801130287e-03,3.490519577071e+00,3.060827276130e+00,1.888599158131e-02,5.387440660052e+00,2.716746765829e+00
1.475000000000e+01,5.696104651489e-04,1.860232747661e+00,3.338229885197e+00,5.656978330139e-03,3.314225226617e+00,3.084599633260e+00,1.696224025234e-02,5.253320825708e+00,2.756283989983e+00
1.500000000000e+01,5.050000000000e-04,1.845555637323e+00,3.342369170283e+00,5.005000000000e-03,3.119216553424e+00,3.113006626509e+00,1.500500000000e-02,5.074183088138e+00,2.800504566364e+00
1.525000000000e+01,4.403895348511e-04,1.833077767525e+00,3.346187052520e+00,4.353021669861e-03,2.918263279769e+00,3.140551713741e+00,1.304775974766e-02,4.835056065543e+00,2.849613494038e+00
1.550000000000e+01,3.768845726743e-04,1.820123667737e+00,3.350170149752e+00,3.712198869713e-03,2.717103678400e+00,3.169835228876e+00,1.112400841869e-02,4.517306130598e+00,2.900835492036e+00
1.575000000000e+01,3.155717009793e-04,1.807487815687e+00,3.354066753375e+00,3.093496255336e-03,2.521980783195e+00,3.199572755778e+00,9.266661931685e-03,4.135737684208e+00,2.956863976723e+00
1.600000000000e+01,2.575000000000e-04,1.795933578062e+00,3.357637113589e+00,2.507500000000e-03,2.347264159739e+00,3.228670688354e+00,7.507500000000e-03,3.781561153443e+00,3.016213623384e+00
1.625000000000e+01,2.036630926407e-04,1.785056587140e+00,3.361009305921e+00,1.964236662101e-03,2.196236365113e+00,3.257301230947e+00,5.876622372014e-03,3.375772683644e+00,3.075947898431e+00
1.650000000000e+01,1.549821433127e-04,1.775231150086e+00,3.364063956090e+00,1.473001627973e-03,2.069635073013e+00,3.284645189155e+00,4.401933816108e-03,2.933753027293e+00,3.138343247215e+00
1.675000000000e+01,1.122900965558e-04,1.766713044370e+00,3.366718591991e+00,1.042200065245e-03,1.965304247286e+00,3.309870255015e+00,3.108666662333e-03,2.526535508620e+00,3.198895731863e+00
1.700000000000e+01,7.631742512670e-05,1.759373158920e+00,3.369011791267e+00,6.792031080967e-04,1.884332117702e+00,3.331558314666e+00,2.018949070252e-03,2.210980806746e+00,3.254304148665e+00
1.725000000000e+01,4.767963140691e-05,1.753757911964e+00,3.370822349897e+00,3.902217351061e-04,1.822614419388e+00,3.349405607625e+00,1.151426409993e-03,1.991817005982e+00,3.303297548789e+00
1.750000000000e+01,2.686671598691e-05,1.749928618481e+00,3.372140416135e+00,1.802004976861e-04,1.780472127108e+00,3.362432923824e+00,5.209422347954e-04,1.849192506514e+00,3.341300156535e+00
1.775000000000e+01,1.423479361996e-05,1.747599211725e+00,3.372942905855e+00,5.273291743782e-05,1.754693401299e+00,3.370500540880e+00,1.382843036997e-04,1.771978929980e+00,3.365076408749e+00
1.800000000000e+01,1.000000000000e-05,1.746804658635e+00,3.373216754785e+00,1.000000000000e-05,1.746804658635e+00,3.373216754785e+00,1.000000000000e-05,1.746804658635e+00,3.373216754785e+00
1.825000000000e+01,1.000000000000e-05,1.746804658635e+00,3.373216754785e+00,1.000000000000e-05,1.746804658635e+00,3.373216754785e+00,1.000000000000e-05,1.746804658635e+00,3.373216754785e+00
1.850000000000e+01,1.000000000000e-05,1.746804658635e+00,3.373216754785e+00,1.000000000000e-05,1.746804658635e+00,3.373216754785e+00,1.000000000000e-05,1.746804658635e+00,3.373216754785e+00
1.875000000000e+01,1.000000000000e-05,1.746804658635e+00,3.373216754785e+00,1.000000000000e-05,1.746804658635e+00,3.373216754785e+00,1.000000000000e-05,1.746804658635e+00,3.373216754785e+00
1.900000000000e+01,1.000000000000e-05,1.746804658635e+00,3.373216754785e+00,1.000000000000e-05,1.746804658635e+00,3.373216754785e+00,1.000000000000e-05,1.746804658635e+00,3.373216754785e+00
1.925000000000e+01,1.000000000000e-05,1.746804658635e+00,3.373216754785e+00,1.000000000000e-05,1.746804658635e+00,3.373216754785e+00,1.000000000000e-05,1.746804658635e+00,3.373216754785e+00
1.950000000000e+01,1.000000000000e-05,1.746804658635e+00,3.373216754785e+00,1.000000000000e-05,1.746804658635e+00,3.373216754785e+00,1.000000000000e-05,1.746804658635e+00,3.373216754785e+00
1.975000000000e+01,1.000000000000e-05,1.746804658635e+00,3.373216754785e+00,1.000000000000e-05,1.746804658635e+00,3.373216754785e+00,1.000000000000e-05,1.746804658635e+00,3.373216754785e+00
2.000000000000e+01,1.000000000000e-05,1.746804658635e+00,3.373216754785e+00,1.000000000000e-05,1.746804658635e+00,3.373216754785e+00,1.000000000000e-05,1.746804658635e+00,3.373216754785e+00
2.025000000000e+01,1.000000000000e-05,1.746804658635e+00,3.373216754785e+00,1.000000000000e-05,1.746804658635e+00,3.373216754785e+00,1.000000000000e-05,1.746804658635e+00,3.373216754785e+00
2.050000000000e+01,1.000000000000e-05,1.746804658635e+00,3.373216754785e+00,1.000000000000e-05,1.746804658635e+00,3.373216754785e+00,1.000000000000e-05,1.746804658635e+00,3.373216754785e+00
2.075000000000e+01,1.000000000000e-05,1.746804658635e+00,3.373216754785e+00,1.000000000000e-05,1.746804658635e+00,3.373216754785e+00,1.000000000000e-05,1.746804658635e+00,3.373216754785e+00
2.100000000000e+01,1.000000000000e-05,1.746804658635e+00,3.373216754785e+00,1.000000000000e-05,1.746804658635e+00,3.373216754785e+00,1.000000000000e-05,1.746804658635e+00,3.373216754785e+00
2.125000000000e+01,1.000000000000e-05,1.746804658635e+00,3.373216754785e+00,1.000000000000e-05,1.746804658635e+00,3.373216754785e+00,1.000000000000e-05,1.746804658635e+00,3.373216754785e+00
2.150000000000e+01,1.000000000000e-05,1.746804658635e+00,3.373216754785e+00,1.000000000000e-05,1.746804658635e+00,3.373216754785e+00,1.000000000000e-05,1.746804658635e+00,3.373216754785e+00
2.175000000000e+01,1.000000000000e-05,1.746804658635e+00,3.373216754785e+00,1.000000000000e-05,1.746804658635e+00,3.373216754785e+00,1.000000000000e-05,1.746804658635e+00,3.373216754785e+00
2.200000000000e+01,1.000000000000e-05,1.746804658635e+00,3.373216754785e+00,1.000000000000e-05,1.746804658635e+00,3.373216754785e+00,1.000000000000e-05,1.746804658635e+00,3.373216754785e+00
2.225000000000e+01,1.000000000000e-05,1.746804658635e+00,3.373216754785e+00,1.000000000000e-05,1.746804658635e+00,3.373216754785e+00,1.000000000000e-05,1.746804658635e+00,3.373216754785e+00
2.250000000000e+01,1.000000000000e-05,1.746804658635e+00,3.373216754785e+00,1.000000000000e-05,1.746804658635e+00,3.373216754785e+00,1.000000000000e-05,1.746804658635e+00,3.373216754785e+00
2.275000000000e+01,1.000000000000e-05,1.746804658635e+00,3.373216754785e+00,1.000000000000e-05,1.746804658635e+00,3.373216754785e+00,1.000000000000e-05,1.746804658635e+00,3.373216754785e+00
2.300000000000e+01,1.000000000000e-05,1.746804658635e+00,3.373216754785e+00,1.000000000000e-05,1.746804658635e+00,3.373216754785e+00,1.000000000000e-05,1.746804658635e+00,3.373216754785e+00
2.325000000000e+01,1.000000000000e-05,1.746804658635e+00,3.373216754785e+00,1.000000000000e-05,1.746804658635e+00,3.373216754785e+00,1.000000000000e-05,1.746804658635e+00,3.373216754785e+00
2.350000000000e+01,1.000000000000e-05,1.746804658635e+00,3.373216754785e+00,1.000000000000e-05,1.746804658635e+00,3.373216754785e+00,1.000000000000e-05,1.746804658635e+00,3.373216754785e+00
2.375000000000e+01,1.000000000000e-05,1.746804658635e+00,3.373216754785e+00,1.000000000000e-05,1.746804658635e+00,3.373216754785e+00,1.000000000000e-05,1.746804658635e+00,3.373216754785e+00
2.400000000000e+01,1.000000000000e-05,1.746804658635e+00,3.373216754785e+00,1.000000000000e-05,1.746804658635e+00,3.373216754785e+00,1.000000000000e-05,1.746804658635e+00,3.373216754785e+00
