dp_Pa,U_alpha_1e-05,U_alpha_0.0001,U_alpha_0.001,U_alpha_0.003,U_alpha_0.01,U_alpha_0.03
1.000000000000e+02,1.424649201243e+03,1.038642674566e+03,4.357971207526e+02,2.592522912721e+02,1.440084792871e+02,8.425276609593e+01
1.025301089901e+02,1.424650198823e+03,1.038646539886e+03,4.357999734176e+02,2.592540893839e+02,1.440094993618e+02,8.425336654763e+01
1.051242324952e+02,1.424651221614e+03,1.038650502926e+03,4.358028982269e+02,2.592559329724e+02,1.440105452359e+02,8.425398218593e+01
1.077839901524e+02,1.424652270252e+03,1.038654566156e+03,4.358058970042e+02,2.592578231873e+02,1.440116175619e+02,8.425461339479e+01
1.105110425771e+02,1.424653345390e+03,1.038658732105e+03,4.358089716193e+02,2.592597612073e+02,1.440127170085e+02,8.425526056785e+01
1.133070924004e+02,1.424654447696e+03,1.038663003368e+03,4.358121239893e+02,2.592617482410e+02,1.440138442613e+02,8.425592410873e+01
1.161738853316e+02,1.424655577857e+03,1.038667382606e+03,4.358153560795e+02,2.592637855275e+02,1.440150000232e+02,8.425660443121e+01
1.191132112485e+02,1.424656736574e+03,1.038671872546e+03,4.358186699051e+02,2.592658743371e+02,1.440161850150e+02,8.425730195955e+01
1.221269053147e+02,1.424657924568e+03,1.038676475982e+03,4.358220675320e+02,2.592680159723e+02,1.440173999757e+02,8.425801712872e+01
1.252168491254e+02,1.424659142580e+03,1.038681195783e+03,4.358255510782e+02,2.592702117683e+02,1.440186456628e+02,8.425875038466e+01
1.283849718823e+02,1.424660391364e+03,1.038686034886e+03,4.358291227153e+02,2.592724630942e+02,1.440199228530e+02,8.425950218460e+01
1.316332515978e+02,1.424661671699e+03,1.038690996304e+03,4.358327846699e+02,2.592747713538e+02,1.440212323427e+02,8.426027299730e+01
1.349637163305e+02,1.424662984380e+03,1.038696083125e+03,4.358365392244e+02,2.592771379860e+02,1.440225749483e+02,8.426106330336e+01
1.383784454507e+02,1.424664330222e+03,1.038701298516e+03,4.358403887191e+02,2.592795644662e+02,1.440239515069e+02,8.426187359552e+01
1.418795709394e+02,1.424665710063e+03,1.038706645724e+03,4.358443355534e+02,2.592820523072e+02,1.440253628768e+02,8.426270437897e+01
1.454692787189e+02,1.424667124760e+03,1.038712128075e+03,4.358483821872e+02,2.592846030598e+02,1.440268099377e+02,8.426355617164e+01
1.491498100176e+02,1.424668575192e+03,1.038717748983e+03,4.358525311424e+02,2.592872183139e+02,1.440282935918e+02,8.426442950456e+01
1.529234627695e+02,1.424670062259e+03,1.038723511944e+03,4.358567850046e+02,2.592898996999e+02,1.440298147640e+02,8.426532492215e+01
1.567925930490e+02,1.424671586887e+03,1.038729420545e+03,4.358611464247e+02,2.592926488889e+02,1.440313744025e+02,8.426624298258e+01
1.607596165416e+02,1.424673150021e+03,1.038735478461e+03,4.358656181206e+02,2.592954675946e+02,1.440329734794e+02,8.426718425812e+01
1.648270100522e+02,1.424674752633e+03,1.038741689462e+03,4.358702028785e+02,2.592983575735e+02,1.440346129915e+02,8.426814933548e+01
1.689973130516e+02,1.424676395717e+03,1.038748057411e+03,4.358749035551e+02,2.593013206269e+02,1.440362939606e+02,8.426913881618e+01
1.732731292622e+02,1.424678080295e+03,1.038754586269e+03,4.358797230792e+02,2.593043586013e+02,1.440380174343e+02,8.427015331692e+01
1.776571282830e+02,1.424679807411e+03,1.038761280096e+03,4.358846644534e+02,2.593074733897e+02,1.440397844869e+02,8.427119346999e+01
1.821520472573e+02,1.424681578138e+03,1.038768143055e+03,4.358897307561e+02,2.593106669333e+02,1.440415962194e+02,8.427225992360e+01
1.867606925806e+02,1.424683393574e+03,1.038775179415e+03,4.358949251433e+02,2.593139412217e+02,1.440434537609e+02,8.427335334235e+01
1.914859416535e+02,1.424685254847e+03,1.038782393548e+03,4.359002508506e+02,2.593172982953e+02,1.440453582689e+02,8.427447440760e+01
1.963307446781e+02,1.424687163111e+03,1.038789789942e+03,4.359057111953e+02,2.593207402454e+02,1.440473109300e+02,8.427562381791e+01
2.012981264995e+02,1.424689119549e+03,1.038797373193e+03,4.359113095783e+02,2.593242692166e+02,1.440493129610e+02,8.427680228945e+01
2.063911884950e+02,1.424691125375e+03,1.038805148014e+03,4.359170494863e+02,2.593278874072e+02,1.440513656091e+02,8.427801055649e+01
2.116131105099e+02,1.424693181834e+03,1.038813119238e+03,4.359229344937e+02,2.593315970712e+02,1.440534701531e+02,8.427924937179e+01
2.169671528431e+02,1.424695290199e+03,1.038821291818e+03,4.359289682655e+02,2.593354005192e+02,1.440556279042e+02,8.428051950713e+01
2.224566582828e+02,1.424697451779e+03,1.038829670832e+03,4.359351545585e+02,2.593393001203e+02,1.440578402065e+02,8.428182175373e+01
2.280850541931e+02,1.424699667912e+03,1.038838261486e+03,4.359414972247e+02,2.593432983034e+02,1.440601084379e+02,8.428315692281e+01
2.338558546543e+02,1.424701939972e+03,1.038847069115e+03,4.359480002130e+02,2.593473975583e+02,1.440624340113e+02,8.428452584600e+01
2.397726626568e+02,1.424704269366e+03,1.038856099191e+03,4.359546675717e+02,2.593516004380e+02,1.440648183751e+02,8.428592937594e+01
2.458391723504e+02,1.424706657538e+03,1.038865357321e+03,4.359615034514e+02,2.593559095595e+02,1.440672630143e+02,8.428736838676e+01
2.520591713513e+02,1.424709105967e+03,1.038874849253e+03,4.359685121069e+02,2.593603276060e+02,1.440697694512e+02,8.428884377463e+01
2.584365431060e+02,1.424711616168e+03,1.038884580882e+03,4.359756979007e+02,2.593648573284e+02,1.440723392466e+02,8.429035645832e+01
2.649752693168e+02,1.424714189696e+03,1.038894558247e+03,4.359830653048e+02,2.593695015467e+02,1.440749740007e+02,8.429190737975e+01
2.716794324274e+02,1.424716828144e+03,1.038904787542e+03,4.359906189041e+02,2.593742631520e+02,1.440776753538e+02,8.429349750461e+01
2.785532181714e+02,1.424719533143e+03,1.038915275115e+03,4.359983633988e+02,2.593791451086e+02,1.440804449878e+02,8.429512782291e+01
2.856009181866e+02,1.424722306368e+03,1.038926027472e+03,4.360063036076e+02,2.593841504550e+02,1.440832846270e+02,8.429679934962e+01
2.928269326935e+02,1.424725149533e+03,1.038937051285e+03,4.360144444705e+02,2.593892823066e+02,1.440861960388e+02,8.429851312529e+01
3.002357732430e+02,1.424728064397e+03,1.038948353392e+03,4.360227910519e+02,2.593945438572e+02,1.440891810355e+02,8.430027021669e+01
3.078320655333e+02,1.424731052762e+03,1.038959940802e+03,4.360313485437e+02,2.593999383811e+02,1.440922414750e+02,8.430207171748e+01
3.156205522978e+02,1.424734116474e+03,1.038971820699e+03,4.360401222684e+02,2.594054692349e+02,1.440953792619e+02,8.430391874885e+01
3.236060962661e+02,1.424737257427e+03,1.038984000450e+03,4.360491176828e+02,2.594111398598e+02,1.440985963487e+02,8.430581246026e+01
3.317936832002e+02,1.424740477561e+03,1.038996487603e+03,4.360583403805e+02,2.594169537838e+02,1.441018947374e+02,8.430775403011e+01
3.401884250074e+02,1.424743778865e+03,1.039009289899e+03,4.360677960963e+02,2.594229146236e+02,1.441052764801e+02,8.430974466648e+01
3.487955629318e+02,1.424747163376e+03,1.039022415268e+03,4.360774907091e+02,2.594290260870e+02,1.441087436807e+02,8.431178560787e+01
3.576204708266e+02,1.424750633184e+03,1.039035871843e+03,4.360874302457e+02,2.594352919751e+02,1.441122984961e+02,8.431387812397e+01
3.666686585094e+02,1.424754190430e+03,1.039049667959e+03,4.360976208845e+02,2.594417161847e+02,1.441159431374e+02,8.431602351645e+01
3.759457752023e+02,1.424757837307e+03,1.039063812159e+03,4.361080689593e+02,2.594483027105e+02,1.441196798715e+02,8.431822311972e+01
3.854576130586e+02,1.424761576065e+03,1.039078313200e+03,4.361187809631e+02,2.594550556481e+02,1.441235110223e+02,8.432047830181e+01
3.952101107796e+02,1.424765409009e+03,1.039093180059e+03,4.361297635523e+02,2.594619791957e+02,1.441274389720e+02,8.432279046515e+01
4.052093573222e+02,1.424769338501e+03,1.039108421935e+03,4.361410235503e+02,2.594690776575e+02,1.441314661631e+02,8.432516104748e+01
4.154615957005e+02,1.424773366961e+03,1.039124048260e+03,4.361525679523e+02,2.594763554455e+02,1.441355950992e+02,8.432759152270e+01
4.259732268838e+02,1.424777496871e+03,1.039140068700e+03,4.361644039292e+02,2.594838170832e+02,1.441398283472e+02,8.433008340182e+01
4.367508137926e+02,1.424781730773e+03,1.039156493163e+03,4.361765388320e+02,2.594914672073e+02,1.441441685382e+02,8.433263823381e+01
4.478010853967e+02,1.424786071272e+03,1.039173331803e+03,4.361889801964e+02,2.594993105715e+02,1.441486183697e+02,8.433525760663e+01
4.591309409161e+02,1.424790521039e+03,1.039190595031e+03,4.362017357473e+02,2.595073520488e+02,1.441531806071e+02,8.433794314816e+01
4.707474541285e+02,1.424795082811e+03,1.039208293513e+03,4.362148134036e+02,2.595155966346e+02,1.441578580851e+02,8.434069652722e+01
4.826578777861e+02,1.424799759391e+03,1.039226438184e+03,4.362282212831e+02,2.595240494499e+02,1.441626537098e+02,8.434351945456e+01
4.948696481434e+02,1.424804553653e+03,1.039245040253e+03,4.362419677072e+02,2.595327157444e+02,1.441675704602e+02,8.434641368395e+01
5.073903896003e+02,1.424809468542e+03,1.039264111205e+03,4.362560612063e+02,2.595416008995e+02,1.441726113903e+02,8.434938101320e+01
5.202279194625e+02,1.424814507077e+03,1.039283662813e+03,4.362705105247e+02,2.595507104320e+02,1.441777796308e+02,8.435242328533e+01
5.333902528219e+02,1.424819672348e+03,1.039303707144e+03,4.362853246261e+02,2.595600499970e+02,1.441830783910e+02,8.435554238963e+01
5.468856075608e+02,1.424824967525e+03,1.039324256564e+03,4.363005126989e+02,2.595696253917e+02,1.441885109608e+02,8.435874026286e+01
5.607224094833e+02,1.424830395854e+03,1.039345323747e+03,4.363160841622e+02,2.595794425587e+02,1.441940807127e+02,8.436201889039e+01
5.749092975751e+02,1.424835960664e+03,1.039366921684e+03,4.363320486708e+02,2.595895075898e+02,1.441997911038e+02,8.436538030747e+01
5.894551293980e+02,1.424841665362e+03,1.039389063687e+03,4.363484161218e+02,2.595998267297e+02,1.442056456781e+02,8.436882660042e+01
6.043689866195e+02,1.424847513441e+03,1.039411763400e+03,4.363651966602e+02,2.596104063795e+02,1.442116480684e+02,8.437235990792e+01
6.196601806833e+02,1.424853508482e+03,1.039435034805e+03,4.363824006849e+02,2.596212531011e+02,1.442178019989e+02,8.437598242231e+01
6.353382586229e+02,1.424859654151e+03,1.039458892233e+03,4.364000388556e+02,2.596323736208e+02,1.442241112869e+02,8.437969639094e+01
6.514130090218e+02,1.424865954205e+03,1.039483350369e+03,4.364181220987e+02,2.596437748334e+02,1.442305798456e+02,8.438350411753e+01
6.678944681258e+02,1.424872412495e+03,1.039508424262e+03,4.364366616140e+02,2.596554638068e+02,1.442372116862e+02,8.438740796355e+01
6.847929261082e+02,1.424879032964e+03,1.039534129337e+03,4.364556688817e+02,2.596674477856e+02,1.442440109207e+02,8.439141034969e+01
7.021189334952e+02,1.424885819654e+03,1.039560481399e+03,4.364751556692e+02,2.596797341962e+02,1.442509817637e+02,8.439551375730e+01
7.198833077528e+02,1.424892776705e+03,1.039587496645e+03,4.364951340382e+02,2.596923306508e+02,1.442581285360e+02,8.439972072991e+01
7.380971400405e+02,1.424899908358e+03,1.039615191672e+03,4.365156163519e+02,2.597052449522e+02,1.442654556660e+02,8.440403387477e+01
7.567718021363e+02,1.424907218959e+03,1.039643583491e+03,4.365366152826e+02,2.597184850985e+02,1.442729676935e+02,8.440845586445e+01
7.759189535367e+02,1.424914712959e+03,1.039672689529e+03,4.365581438190e+02,2.597320592879e+02,1.442806692717e+02,8.441298943842e+01
7.955505487360e+02,1.424922394920e+03,1.039702527648e+03,4.365802152747e+02,2.597459759238e+02,1.442885651702e+02,8.441763740473e+01
8.156788446904e+02,1.424930269511e+03,1.039733116149e+03,4.366028432954e+02,2.597602436196e+02,1.442966602783e+02,8.442240264172e+01
8.363164084703e+02,1.424938341521e+03,1.039764473786e+03,4.366260418674e+02,2.597748712042e+02,1.443049596071e+02,8.442728809971e+01
8.574761251066e+02,1.424946615850e+03,1.039796619773e+03,4.366498253263e+02,2.597898677270e+02,1.443134682935e+02,8.443229680285e+01
8.791712056359e+02,1.424955097521e+03,1.039829573802e+03,4.366742083651e+02,2.598052424636e+02,1.443221916025e+02,8.443743185089e+01
9.014151953481e+02,1.424963791677e+03,1.039863356046e+03,4.366992060433e+02,2.598210049213e+02,1.443311349308e+02,8.444269642108e+01
9.242219822437e+02,1.424972703587e+03,1.039897987177e+03,4.367248337957e+02,2.598371648448e+02,1.443403038101e+02,8.444809377006e+01
9.476058057049e+02,1.424981838649e+03,1.039933488376e+03,4.367511074417e+02,2.598537322218e+02,1.443497039099e+02,8.445362723583e+01
9.715812653858e+02,1.424991202389e+03,1.039969881344e+03,4.367780431949e+02,2.598707172896e+02,1.443593410416e+02,8.445930023974e+01
9.961633303275e+02,1.425000800469e+03,1.040007188315e+03,4.368056576724e+02,2.598881305406e+02,1.443692211614e+02,8.446511628859e+01
1.021367348304e+03,1.425010638687e+03,1.040045432068e+03,4.368339679049e+02,2.599059827289e+02,1.443793503744e+02,8.447107897668e+01
1.047209055406e+03,1.425020722981e+03,1.040084635943e+03,4.368629913469e+02,2.599242848767e+02,1.443897349378e+02,8.447719198797e+01
1.073704585861e+03,1.425031059434e+03,1.040124823852e+03,4.368927458868e+02,2.599430482807e+02,1.444003812648e+02,8.448345909833e+01
1.100870482115e+03,1.425041654274e+03,1.040166020289e+03,4.369232498579e+02,2.599622845190e+02,1.444112959285e+02,8.448988417775e+01
1.128723705153e+03,1.425052513879e+03,1.040208250352e+03,4.369545220486e+02,2.599820054581e+02,1.444224856659e+02,8.449647119266e+01
1.157281645090e+03,1.425063644781e+03,1.040251539751e+03,4.369865817142e+02,2.600022232597e+02,1.444339573816e+02,8.450322420833e+01
1.186562132034e+03,1.425075053667e+03,1.040295914822e+03,4.370194485879e+02,2.600229503880e+02,1.444457181521e+02,8.451014739123e+01
1.216583447209e+03,1.425086747388e+03,1.040341402548e+03,4.370531428924e+02,2.600441996173e+02,1.444577752303e+02,8.451724501158e+01
1.247364334379e+03,1.425098732955e+03,1.040388030566e+03,4.370876853519e+02,2.600659840391e+02,1.444701360491e+02,8.452452144583e+01
1.278924011543e+03,1.425111017549e+03,1.040435827188e+03,4.371230972043e+02,2.600883170704e+02,1.444828082266e+02,8.453198117928e+01
1.311282182935e+03,1.425123608521e+03,1.040484821415e+03,4.371594002135e+02,2.601112124614e+02,1.444957995700e+02,8.453962880876e+01
1.344459051331e+03,1.425136513400e+03,1.040535042954e+03,4.371966166824e+02,2.601346843032e+02,1.445091180806e+02,8.454746904531e+01
1.378475330657e+03,1.425149739890e+03,1.040586522231e+03,4.372347694656e+02,2.601587470370e+02,1.445227719582e+02,8.455550671701e+01
1.413352258924e+03,1.425163295881e+03,1.040639290413e+03,4.372738819830e+02,2.601834154617e+02,1.445367696064e+02,8.456374677178e+01
1.449111611489e+03,1.425177189450e+03,1.040693379421e+03,4.373139782336e+02,2.602087047431e+02,1.445511196371e+02,8.457219428036e+01
1.485775714648e+03,1.425191428865e+03,1.040748821948e+03,4.373550828088e+02,2.602346304226e+02,1.445658308757e+02,8.458085443923e+01
1.523367459577e+03,1.425206022587e+03,1.040805651479e+03,4.373972209074e+02,2.602612084265e+02,1.445809123664e+02,8.458973257372e+01
1.561910316624e+03,1.425220979281e+03,1.040863902308e+03,4.374404183498e+02,2.602884550750e+02,1.445963733775e+02,8.459883414110e+01
1.601428349962e+03,1.425236307812e+03,1.040923609554e+03,4.374847015930e+02,2.603163870920e+02,1.446122234066e+02,8.460816473379e+01
1.641946232615e+03,1.425252017257e+03,1.040984809185e+03,4.375300977460e+02,2.603450216146e+02,1.446284721864e+02,8.461773008265e+01
1.683489261859e+03,1.425268116902e+03,1.041047538032e+03,4.375766345853e+02,2.603743762034e+02,1.446451296903e+02,8.462753606029e+01
1.726083375020e+03,1.425284616255e+03,1.041111833814e+03,4.376243405706e+02,2.604044688524e+02,1.446622061382e+02,8.463758868453e+01
1.769755165668e+03,1.425301525042e+03,1.041177735151e+03,4.376732448618e+02,2.604353179993e+02,1.446797120022e+02,8.464789412187e+01
1.814531900218e+03,1.425318853218e+03,1.041245281594e+03,4.377233773351e+02,2.604669425368e+02,1.446976580134e+02,8.465845869113e+01
1.860441534953e+03,1.425336610970e+03,1.041314513635e+03,4.377747686002e+02,2.604993618227e+02,1.447160551672e+02,8.466928886704e+01
1.907512733485e+03,1.425354808720e+03,1.041385472738e+03,4.378274500178e+02,2.605325956916e+02,1.447349147302e+02,8.468039128405e+01
1.955774884642e+03,1.425373457132e+03,1.041458201355e+03,4.378814537175e+02,2.605666644661e+02,1.447542482468e+02,8.469177274013e+01
2.005258120824e+03,1.425392567116e+03,1.041532742948e+03,4.379368126159e+02,2.606015889684e+02,1.447740675454e+02,8.470344020071e+01
2.055993336814e+03,1.425412149836e+03,1.041609142015e+03,4.379935604350e+02,2.606373905325e+02,1.447943847455e+02,8.471540080267e+01
2.108012209065e+03,1.425432216708e+03,1.041687444110e+03,4.380517317218e+02,2.606740910160e+02,1.448152122647e+02,8.472766185846e+01
2.161347215479e+03,1.425452779414e+03,1.041767695866e+03,4.381113618672e+02,2.607117128127e+02,1.448365628257e+02,8.474023086028e+01
2.216031655685e+03,1.425473849902e+03,1.041849945022e+03,4.381724871261e+02,2.607502788654e+02,1.448584494634e+02,8.475311548437e+01
2.272099671829e+03,1.425495440391e+03,1.041934240444e+03,4.382351446375e+02,2.607898126791e+02,1.448808855327e+02,8.476632359536e+01
2.329586269890e+03,1.425517563380e+03,1.042020632149e+03,4.382993724456e+02,2.608303383337e+02,1.449038847158e+02,8.477986325081e+01
2.388527341536e+03,1.425540231650e+03,1.042109171334e+03,4.383652095205e+02,2.608718804980e+02,1.449274610299e+02,8.479374270572e+01
2.448959686536e+03,1.425563458272e+03,1.042199910398e+03,4.384326957802e+02,2.609144644439e+02,1.449516288356e+02,8.480797041727e+01
2.510921035729e+03,1.425587256612e+03,1.042292902968e+03,4.385018721123e+02,2.609581160596e+02,1.449764028445e+02,8.482255504954e+01
2.574450074588e+03,1.425611640335e+03,1.042388203928e+03,4.385727803969e+02,2.610028618652e+02,1.450017981275e+02,8.483750547842e+01
2.639586467371e+03,1.425636623413e+03,1.042485869442e+03,4.386454635294e+02,2.610487290268e+02,1.450278301238e+02,8.485283079663e+01
2.706370881883e+03,1.425662220130e+03,1.042585956984e+03,4.387199654440e+02,2.610957453716e+02,1.450545146488e+02,8.486854031877e+01
2.774845014871e+03,1.425688445088e+03,1.042688525365e+03,4.387963311377e+02,2.611439394040e+02,1.450818679036e+02,8.488464358655e+01
2.845051618054e+03,1.425715313212e+03,1.042793634760e+03,4.388746066948e+02,2.611933403206e+02,1.451099064834e+02,8.490115037413e+01
2.917034524815e+03,1.425742839757e+03,1.042901346737e+03,4.389548393117e+02,2.612439780265e+02,1.451386473873e+02,8.491807069352e+01
2.990838677572e+03,1.425771040315e+03,1.043011724286e+03,4.390370773228e+02,2.612958831521e+02,1.451681080273e+02,8.493541480016e+01
3.066510155832e+03,1.425799930817e+03,1.043124831850e+03,4.391213702260e+02,2.613490870695e+02,1.451983062380e+02,8.495319319857e+01
3.144096204967e+03,1.425829527545e+03,1.043240735350e+03,4.392077687093e+02,2.614036219098e+02,1.452292602865e+02,8.497141664814e+01
3.223645265707e+03,1.425859847133e+03,1.043359502221e+03,4.392963246780e+02,2.614595205805e+02,1.452609888823e+02,8.499009616906e+01
3.305207004383e+03,1.425890906577e+03,1.043481201438e+03,4.393870912825e+02,2.615168167834e+02,1.452935111876e+02,8.500924304833e+01
3.388832343942e+03,1.425922723237e+03,1.043605903549e+03,4.394801229458e+02,2.615755450326e+02,1.453268468278e+02,8.502886884592e+01
3.474573495736e+03,1.425955314849e+03,1.043733680707e+03,4.395754753926e+02,2.616357406735e+02,1.453610159019e+02,8.504898540108e+01
3.562483992119e+03,1.425988699524e+03,1.043864606699e+03,4.396732056784e+02,2.616974399012e+02,1.453960389935e+02,8.506960483870e+01
3.652618719875e+03,1.426022895762e+03,1.043998756983e+03,4.397733722193e+02,2.617606797805e+02,1.454319371820e+02,8.509073957594e+01
3.745033954480e+03,1.426057922452e+03,1.044136208714e+03,4.398760348222e+02,2.618254982648e+02,1.454687320538e+02,8.511240232881e+01
3.839787395245e+03,1.426093798880e+03,1.044277040783e+03,4.399812547161e+02,2.618919342169e+02,1.455064457138e+02,8.513460611907e+01
3.936938201333e+03,1.426130544739e+03,1.044421333845e+03,4.400890945830e+02,2.619600274292e+02,1.455451007971e+02,8.515736428112e+01
4.036547028699e+03,1.426168180130e+03,1.044569170358e+03,4.401996185906e+02,2.620298186444e+02,1.455847204812e+02,8.518069046912e+01
4.138676067962e+03,1.426206725570e+03,1.044720634612e+03,4.403128924243e+02,2.621013495772e+02,1.456253284982e+02,8.520459866420e+01
4.243389083229e+03,1.426246202000e+03,1.044875812767e+03,4.404289833212e+02,2.621746629356e+02,1.456669491470e+02,8.522910318183e+01
4.350751451908e+03,1.426286630789e+03,1.045034792884e+03,4.405479601030e+02,2.622498024434e+02,1.457096073065e+02,8.525421867934e+01
4.460830205530e+03,1.426328033740e+03,1.045197664962e+03,4.406698932116e+02,2.623268128624e+02,1.457533284480e+02,8.527996016358e+01
4.573694071593e+03,1.426370433099e+03,1.045364520973e+03,4.407948547429e+02,2.624057400155e+02,1.457981386488e+02,8.530634299870e+01
4.689413516478e+03,1.426413851556e+03,1.045535454897e+03,4.409229184835e+02,2.624866308100e+02,1.458440646055e+02,8.533338291414e+01
4.808060789442e+03,1.426458312255e+03,1.045710562757e+03,4.410541599462e+02,2.625695332615e+02,1.458911336477e+02,8.536109601270e+01
4.929709967725e+03,1.426503838799e+03,1.045889942655e+03,4.411886564073e+02,2.626544965180e+02,1.459393737521e+02,8.538949877881e+01
5.054437002804e+03,1.426550455254e+03,1.046073694809e+03,4.413264869441e+02,2.627415708846e+02,1.459888135564e+02,8.541860808691e+01
5.182319767811e+03,1.426598186157e+03,1.046261921585e+03,4.414677324724e+02,2.628308078486e+02,1.460394823740e+02,8.544844121006e+01
5.313438106152e+03,1.426647056519e+03,1.046454727539e+03,4.416124757861e+02,2.629222601050e+02,1.460914102090e+02,8.547901582861e+01
5.447873881359e+03,1.426697091832e+03,1.046652219448e+03,4.417608015956e+02,2.630159815826e+02,1.461446277705e+02,8.551035003907e+01
5.585711028201e+03,1.426748318072e+03,1.046854506351e+03,4.419127965684e+02,2.631120274702e+02,1.461991664885e+02,8.554246236316e+01
5.727035605086e+03,1.426800761709e+03,1.047061699579e+03,4.420685493692e+02,2.632104542436e+02,1.462550585290e+02,8.557537175702e+01
5.871935847797e+03,1.426854449705e+03,1.047273912797e+03,4.422281507015e+02,2.633113196931e+02,1.463123368101e+02,8.560909762049e+01
6.020502224575e+03,1.426909409523e+03,1.047491262038e+03,4.423916933487e+02,2.634146829506e+02,1.463710350178e+02,8.564365980665e+01
6.172827492608e+03,1.426965669132e+03,1.047713865737e+03,4.425592722169e+02,2.635206045185e+02,1.464311876227e+02,8.567907863154e+01
6.329006755942e+03,1.427023257007e+03,1.047941844771e+03,4.427309843778e+02,2.636291462980e+02,1.464928298960e+02,8.571537488388e+01
6.489137524858e+03,1.427082202136e+03,1.048175322489e+03,4.429069291120e+02,2.637403716184e+02,1.465559979269e+02,8.575256983517e+01
6.653319776755e+03,1.427142534024e+03,1.048414424756e+03,4.430872079534e+02,2.638543452663e+02,1.466207286396e+02,8.579068524977e+01
6.821656018566e+03,1.427204282694e+03,1.048659279976e+03,4.432719247337e+02,2.639711335158e+02,1.466870598105e+02,8.582974339526e+01
6.994251350766e+03,1.427267478691e+03,1.048910019139e+03,4.434611856274e+02,2.640908041592e+02,1.467550300863e+02,8.586976705290e+01
7.171213532982e+03,1.427332153086e+03,1.049166775848e+03,4.436550991984e+02,2.642134265372e+02,1.468246790013e+02,8.591077952827e+01
7.352653051279e+03,1.427398337476e+03,1.049429686352e+03,4.438537764454e+02,2.643390715709e+02,1.468960469963e+02,8.595280466210e+01
7.538683187140e+03,1.427466063988e+03,1.049698889584e+03,4.440573308495e+02,2.644678117932e+02,1.469691754369e+02,8.599586684120e+01
7.729420088193e+03,1.427535365277e+03,1.049974527192e+03,4.442658784212e+02,2.645997213809e+02,1.470441066318e+02,8.603999100963e+01
7.924982840727e+03,1.427606274533e+03,1.050256743569e+03,4.444795377485e+02,2.647348761875e+02,1.471208838525e+02,8.608520267996e+01
8.125493544044e+03,1.427678825475e+03,1.050545685884e+03,4.446984300453e+02,2.648733537763e+02,1.471995513521e+02,8.613152794475e+01
8.331077386692e+03,1.427753052356e+03,1.050841504116e+03,4.449226792003e+02,2.650152334536e+02,1.472801543852e+02,8.617899348812e+01
8.541862724625e+03,1.427828989960e+03,1.051144351078e+03,4.451524118263e+02,2.651605963026e+02,1.473627392275e+02,8.622762659757e+01
8.757981161343e+03,1.427906673601e+03,1.051454382452e+03,4.453877573098e+02,2.653095252180e+02,1.474473531958e+02,8.627745517586e+01
8.979567630057e+03,1.427986139123e+03,1.051771756808e+03,4.456288478616e+02,2.654621049400e+02,1.475340446685e+02,8.632850775310e+01
9.206760477937e+03,1.428067422896e+03,1.052096635639e+03,4.458758185669e+02,2.656184220901e+02,1.476228631061e+02,8.638081349899e+01
9.439701552487e+03,1.428150561817e+03,1.052429183376e+03,4.461288074366e+02,2.657785652060e+02,1.477138590722e+02,8.643440223523e+01
9.678536290105e+03,1.428235593300e+03,1.052769567421e+03,4.463879554584e+02,2.659426247774e+02,1.478070842541e+02,8.648930444798e+01
9.923413806891e+03,1.428322555277e+03,1.053117958162e+03,4.466534066486e+02,2.661106932824e+02,1.479025914847e+02,8.654555130060e+01
1.017448699174e+04,1.428411486193e+03,1.053474528994e+03,4.469253081034e+02,2.662828652239e+02,1.480004347635e+02,8.660317464643e+01
1.043191260182e+04,1.428502424996e+03,1.053839456340e+03,4.472038100517e+02,2.664592371662e+02,1.481006692787e+02,8.666220704178e+01
1.069585136040e+04,1.428595411137e+03,1.054212919668e+03,4.474890659071e+02,2.666399077721e+02,1.482033514289e+02,8.672268175899e+01
1.096646805723e+04,1.428690484556e+03,1.054595101500e+03,4.477812323202e+02,2.668249778409e+02,1.483085388456e+02,8.678463279967e+01
1.124393165145e+04,1.428787685678e+03,1.054986187431e+03,4.480804692314e+02,2.670145503452e+02,1.484162904153e+02,8.684809490806e+01
1.152841537700e+04,1.428887055404e+03,1.055386366135e+03,4.483869399238e+02,2.672087304696e+02,1.485266663023e+02,8.691310358447e+01
1.182009685087e+04,1.428988635097e+03,1.055795829374e+03,4.487008110756e+02,2.674076256484e+02,1.486397279712e+02,8.697969509894e+01
1.211915818393e+04,1.429092466576e+03,1.056214772006e+03,4.490222528129e+02,2.676113456044e+02,1.487555382101e+02,8.704790650487e+01
1.242578609467e+04,1.429198592101e+03,1.056643391982e+03,4.493514387627e+02,2.678200023873e+02,1.488741611536e+02,8.711777565289e+01
1.274017202574e+04,1.429307054360e+03,1.057081890349e+03,4.496885461053e+02,2.680337104124e+02,1.489956623062e+02,8.718934120475e+01
1.306251226352e+04,1.429417896453e+03,1.057530471249e+03,4.500337556266e+02,2.682525864999e+02,1.491201085654e+02,8.726264264734e+01
1.339300806063e+04,1.429531161883e+03,1.057989341908e+03,4.503872517707e+02,2.684767499139e+02,1.492475682456e+02,8.733772030679e+01
1.373186576162e+04,1.429646894531e+03,1.058458712630e+03,4.507492226916e+02,2.687063224011e+02,1.493781111016e+02,8.741461536267e+01
1.407929693176e+04,1.429765138644e+03,1.058938796781e+03,4.511198603050e+02,2.689414282309e+02,1.495118083523e+02,8.749336986223e+01
1.443551848917e+04,1.429885938814e+03,1.059429810776e+03,4.514993603394e+02,2.691821942341e+02,1.496487327047e+02,8.757402673472e+01
1.480075284024e+04,1.430009339957e+03,1.059931974054e+03,4.518879223869e+02,2.694287498424e+02,1.497889583780e+02,8.765662980581e+01
1.517522801845e+04,1.430135387292e+03,1.060445509057e+03,4.522857499539e+02,2.696812271279e+02,1.499325611273e+02,8.774122381201e+01
1.555917782681e+04,1.430264126317e+03,1.060970641199e+03,4.526930505101e+02,2.699397608420e+02,1.500796182677e+02,8.782785441514e+01
1.595284198379e+04,1.430395602785e+03,1.061507598833e+03,4.531100355378e+02,2.702044884550e+02,1.502302086989e+02,8.791656821687e+01
1.635646627300e+04,1.430529862681e+03,1.062056613216e+03,4.535369205802e+02,2.704755501951e+02,1.503844129286e+02,8.800741277324e+01
1.677030269664e+04,1.430666952187e+03,1.062617918462e+03,4.539739252886e+02,2.707530890869e+02,1.505423130970e+02,8.810043660923e+01
1.719460963283e+04,1.430806917659e+03,1.063191751498e+03,4.544212734690e+02,2.710372509907e+02,1.507039930009e+02,8.819568923329e+01
1.762965199696e+04,1.430949805597e+03,1.063778352009e+03,4.548791931275e+02,2.713281846405e+02,1.508695381178e+02,8.829322115193e+01
1.807570140706e+04,1.431095662608e+03,1.064377962383e+03,4.553479165144e+02,2.716260416827e+02,1.510390356296e+02,8.839308388420e+01
1.853303635339e+04,1.431244535375e+03,1.064990827645e+03,4.558276801678e+02,2.719309767135e+02,1.512125744468e+02,8.849532997624e+01
1.900194237230e+04,1.431396470621e+03,1.065617195387e+03,4.563187249548e+02,2.722431473167e+02,1.513902452324e+02,8.860001301571e+01
1.948271222456e+04,1.431551515074e+03,1.066257315695e+03,4.568212961127e+02,2.725627141007e+02,1.515721404250e+02,8.870718764622e+01
1.997564607807e+04,1.431709715422e+03,1.066911441065e+03,4.573356432872e+02,2.728898407351e+02,1.517583542631e+02,8.881690958164e+01
2.048105169532e+04,1.431871118282e+03,1.067579826317e+03,4.578620205703e+02,2.732246939873e+02,1.519489828079e+02,8.892923562041e+01
2.099924462553e+04,1.432035770146e+03,1.068262728501e+03,4.584006865357e+02,2.735674437571e+02,1.521441239669e+02,8.904422365964e+01
2.153054840165e+04,1.432203717347e+03,1.068960406792e+03,4.589519042724e+02,2.739182631128e+02,1.523438775164e+02,8.916193270923e+01
2.207529474238e+04,1.432375006008e+03,1.069673122384e+03,4.595159414168e+02,2.742773283246e+02,1.525483451247e+02,8.928242290581e+01
2.263382375925e+04,1.432549681994e+03,1.070401138375e+03,4.600930701826e+02,2.746448188986e+02,1.527576303739e+02,8.940575552650e+01
2.320648416899e+04,1.432727790865e+03,1.071144719642e+03,4.606835673879e+02,2.750209176097e+02,1.529718387830e+02,8.953199300263e+01
2.379363351123e+04,1.432909377822e+03,1.071904132712e+03,4.612877144811e+02,2.754058105333e+02,1.531910778286e+02,8.966119893319e+01
2.439563837177e+04,1.433094487658e+03,1.072679645621e+03,4.619057975635e+02,2.757996870763e+02,1.534154569673e+02,8.979343809820e+01
2.501287461141e+04,1.433283164698e+03,1.073471527769e+03,4.625381074094e+02,2.762027400077e+02,1.536450876562e+02,8.992877647175e+01
2.564572760063e+04,1.433475452744e+03,1.074280049767e+03,4.631849394843e+02,2.766151654872e+02,1.538800833740e+02,9.006728123502e+01
2.629459246023e+04,1.433671395021e+03,1.075105483268e+03,4.638465939590e+02,2.770371630936e+02,1.541205596409e+02,9.020902078888e+01
2.695987430798e+04,1.433871034111e+03,1.075948100802e+03,4.645233757220e+02,2.774689358517e+02,1.543666340386e+02,9.035406476642e+01
2.764198851156e+04,1.434074411892e+03,1.076808175589e+03,4.652155943882e+02,2.779106902576e+02,1.546184262296e+02,9.050248404506e+01
2.834136094794e+04,1.434281569479e+03,1.077685981357e+03,4.659235643042e+02,2.783626363039e+02,1.548760579757e+02,9.065435075857e+01
2.905842826920e+04,1.434492547154e+03,1.078581792135e+03,4.666476045505e+02,2.788249875021e+02,1.551396531568e+02,9.080973830862e+01
2.979363817522e+04,1.434707384302e+03,1.079495882053e+03,4.673880389404e+02,2.792979609050e+02,1.554093377880e+02,9.096872137618e+01
3.054744969317e+04,1.434926119341e+03,1.080428525120e+03,4.681451960148e+02,2.797817771264e+02,1.556852400368e+02,9.113137593250e+01
3.132033346410e+04,1.435148789655e+03,1.081379995002e+03,4.689194090335e+02,2.802766603604e+02,1.559674902396e+02,9.129777924980e+01
3.211277203681e+04,1.435375431519e+03,1.082350564781e+03,4.697110159622e+02,2.807828383987e+02,1.562562209175e+02,9.146800991162e+01
3.292526016908e+04,1.435606080030e+03,1.083340506716e+03,4.705203594562e+02,2.813005426455e+02,1.565515667911e+02,9.164214782275e+01
3.375830513663e+04,1.435840769033e+03,1.084350091986e+03,4.713477868388e+02,2.818300081321e+02,1.568536647951e+02,9.182027421886e+01
3.461242704980e+04,1.436079531044e+03,1.085379590421e+03,4.721936500762e+02,2.823714735287e+02,1.571626540916e+02,9.200247167569e+01
3.548815917828e+04,1.436322397177e+03,1.086429270238e+03,4.730583057476e+02,2.829251811548e+02,1.574786760832e+02,9.218882411781e+01
3.638604828407e+04,1.436569397067e+03,1.087499397747e+03,4.739421150103e+02,2.834913769872e+02,1.578018744248e+02,9.237941682701e+01
3.730665496285e+04,1.436820558788e+03,1.088590237065e+03,4.748454435606e+02,2.840703106672e+02,1.581323950348e+02,9.257433645024e+01
3.825055399397e+04,1.437075908782e+03,1.089702049812e+03,4.757686615892e+02,2.846622355044e+02,1.584703861055e+02,9.277367100705e+01
3.921833469933e+04,1.437335471774e+03,1.090835094796e+03,4.767121437321e+02,2.852674084790e+02,1.588159981127e+02,9.297750989668e+01
4.021060131133e+04,1.437599270698e+03,1.091989627697e+03,4.776762690154e+02,2.858860902425e+02,1.591693838236e+02,9.318594390454e+01
4.122797335008e+04,1.437867326613e+03,1.093165900731e+03,4.786614207959e+02,2.865185451155e+02,1.595306983053e+02,9.339906520835e+01
4.227108601024e+04,1.438139658626e+03,1.094364162315e+03,4.796679866949e+02,2.871650410832e+02,1.599000989309e+02,9.361696738366e+01
4.334059055760e+04,1.438416283812e+03,1.095584656713e+03,4.806963585278e+02,2.878258497894e+02,1.602777453855e+02,9.383974540898e+01
4.443715473566e+04,1.438697217135e+03,1.096827623689e+03,4.817469322264e+02,2.885012465272e+02,1.606637996707e+02,9.406749567031e+01
4.556146318257e+04,1.438982471369e+03,1.098093298129e+03,4.828201077569e+02,2.891915102281e+02,1.610584261087e+02,9.430031596520e+01
4.671421785858e+04,1.439272057018e+03,1.099381909679e+03,4.839162890303e+02,2.898969234478e+02,1.614617913446e+02,9.453830550630e+01
4.789613848427e+04,1.439565982242e+03,1.100693682357e+03,4.850358838083e+02,2.906177723507e+02,1.618740643486e+02,9.478156492434e+01
4.910796298997e+04,1.439864252779e+03,1.102028834169e+03,4.861793036017e+02,2.913543466906e+02,1.622954164165e+02,9.503019627061e+01
5.035044797644e+04,1.440166871868e+03,1.103387576709e+03,4.873469635629e+02,2.921069397898e+02,1.627260211691e+02,9.528430301890e+01
5.162436918724e+04,1.440473840177e+03,1.104770114761e+03,4.885392823721e+02,2.928758485151e+02,1.631660545512e+02,9.554399006689e+01
5.293052199313e+04,1.440785155732e+03,1.106176645892e+03,4.897566821172e+02,2.936613732512e+02,1.636156948289e+02,9.580936373702e+01
5.426972188859e+04,1.441100813842e+03,1.107607360034e+03,4.909995881658e+02,2.944638178716e+02,1.640751225862e+02,9.608053177680e+01
5.564280500099e+04,1.441420807038e+03,1.109062439071e+03,4.922684290327e+02,2.952834897069e+02,1.645445207205e+02,9.635760335863e+01
5.705062861267e+04,1.441745125000e+03,1.110542056412e+03,4.935636362380e+02,2.961206995100e+02,1.650240744366e+02,9.664068907906e+01
5.849407169611e+04,1.442073754497e+03,1.112046376568e+03,4.948856441608e+02,2.969757614189e+02,1.655139712406e+02,9.692990095753e+01
5.997403546277e+04,1.442406679327e+03,1.113575554721e+03,4.962348898838e+02,2.978489929167e+02,1.660144009315e+02,9.722535243457e+01
6.149144392573e+04,1.442743880259e+03,1.115129736291e+03,4.976118130329e+02,2.987407147888e+02,1.665255555933e+02,9.752715836956e+01
6.304724447664e+04,1.443085334977e+03,1.116709056507e+03,4.990168556079e+02,2.996512510774e+02,1.670476295842e+02,9.783543503790e+01
6.464240847716e+04,1.443431018030e+03,1.118313639968e+03,5.004504618077e+02,3.005809290331e+02,1.675808195267e+02,9.815030012780e+01
6.627793186545e+04,1.443780900786e+03,1.119943600211e+03,5.019130778471e+02,3.015300790636e+02,1.681253242951e+02,9.847187273648e+01
6.795483577803e+04,1.444134951390e+03,1.121599039277e+03,5.034051517675e+02,3.024990346804e+02,1.686813450033e+02,9.880027336600e+01
6.967416718726e+04,1.444493134720e+03,1.123280047281e+03,5.049271332396e+02,3.034881324416e+02,1.692490849907e+02,9.913562391858e+01
7.143699955504e+04,1.444855412359e+03,1.124986701984e+03,5.064794733592e+02,3.044977118931e+02,1.698287498073e+02,9.947804769157e+01
7.324443350304e+04,1.445221742560e+03,1.126719068363e+03,5.080626244363e+02,3.055281155060e+02,1.704205471989e+02,9.982766937196e+01
7.509759749985e+04,1.445592080224e+03,1.128477198196e+03,5.096770397758e+02,3.065796886120e+02,1.710246870899e+02,1.001846150305e+02
7.699764856555e+04,1.445966376877e+03,1.130261129644e+03,5.113231734526e+02,3.076527793361e+02,1.716413815662e+02,1.005490121154e+02
7.894577299407e+04,1.446344580658e+03,1.132070886847e+03,5.130014800778e+02,3.087477385262e+02,1.722708448572e+02,1.009209894461e+02
8.094318709389e+04,1.446726636310e+03,1.133906479517e+03,5.147124145596e+02,3.098649196803e+02,1.729132933166e+02,1.013006772058e+02
8.299113794743e+04,1.447112485174e+03,1.135767902553e+03,5.164564318551e+02,3.110046788713e+02,1.735689454032e+02,1.016882069348e+02
8.509090418962e+04,1.447502065189e+03,1.137655135659e+03,5.182339867169e+02,3.121673746687e+02,1.742380216601e+02,1.020837115230e+02
8.724379680628e+04,1.447895310906e+03,1.139568142971e+03,5.200455334313e+02,3.133533680582e+02,1.749207446937e+02,1.024873252019e+02
8.945115995258e+04,1.448292153495e+03,1.141506872700e+03,5.218915255505e+02,3.145630223589e+02,1.756173391521e+02,1.028991835373e+02
9.171437179229e+04,1.448692520770e+03,1.143471256791e+03,5.237724156170e+02,3.157967031374e+02,1.763280317033e+02,1.033194234207e+02
9.403484535822e+04,1.449096337212e+03,1.145461210589e+03,5.256886548821e+02,3.170547781202e+02,1.770530510116e+02,1.037481830614e+02
9.641402943446e+04,1.449503524002e+03,1.147476632529e+03,5.276406930168e+02,3.183376171031e+02,1.777926277148e+02,1.041856019786e+02
9.885340946090e+04,1.449913999058e+03,1.149517403836e+03,5.296289778167e+02,3.196455918589e+02,1.785469944008e+02,1.046318209923e+02
1.013545084607e+05,1.450327677085e+03,1.151583388248e+03,5.316539548999e+02,3.209790760422e+02,1.793163855828e+02,1.050869822157e+02
1.039188879911e+05,1.450744469619e+03,1.153674431755e+03,5.337160673986e+02,3.223384450925e+02,1.801010376755e+02,1.055512290463e+02
1.065481491186e+05,1.451164285091e+03,1.155790362362e+03,5.358157556444e+02,3.237240761344e+02,1.809011889701e+02,1.060247061580e+02
1.092439334182e+05,1.451587028887e+03,1.157930989868e+03,5.379534568470e+02,3.251363478768e+02,1.817170796091e+02,1.065075594924e+02
1.120079239988e+05,1.452012603420e+03,1.160096105674e+03,5.401296047674e+02,3.265756405084e+02,1.825489515619e+02,1.069999362511e+02
1.148418465535e+05,1.452440908208e+03,1.162285482609e+03,5.423446293842e+02,3.280423355929e+02,1.833970485988e+02,1.075019848877e+02
1.177474704376e+05,1.452871839954e+03,1.164498874782e+03,5.445989565549e+02,3.295368159607e+02,1.842616162659e+02,1.080138550996e+02
1.207266097727e+05,1.453305292634e+03,1.166736017464e+03,5.468930076707e+02,3.310594655993e+02,1.851429018598e+02,1.085356978211e+02
1.237811245800e+05,1.453741157595e+03,1.168996626989e+03,5.492271993061e+02,3.326106695420e+02,1.860411544021e+02,1.090676652154e+02
1.269129219411e+05,1.454179323655e+03,1.171280400691e+03,5.516019428630e+02,3.341908137540e+02,1.869566246139e+02,1.096099106682e+02
1.301239571887e+05,1.454619677205e+03,1.173587016858e+03,5.540176442091e+02,3.358002850174e+02,1.878895648909e+02,1.101625887806e+02
1.334162351278e+05,1.455062102324e+03,1.175916134727e+03,5.564747033117e+02,3.374394708134e+02,1.888402292783e+02,1.107258553633e+02
1.367918112870e+05,1.455506480897e+03,1.178267394501e+03,5.589735138659e+02,3.391087592038e+02,1.898088734457e+02,1.112998674303e+02
1.402527932021e+05,1.455952692731e+03,1.180640417398e+03,5.615144629181e+02,3.408085387100e+02,1.907957546624e+02,1.118847831934e+02
1.438013417318e+05,1.456400615684e+03,1.183034805733e+03,5.640979304851e+02,3.425391981900e+02,1.918011317734e+02,1.124807620578e+02
1.474396724068e+05,1.456850125798e+03,1.185450143027e+03,5.667242891682e+02,3.443011267147e+02,1.928252651751e+02,1.130879646171e+02
1.511700568134e+05,1.457301097429e+03,1.187885994155e+03,5.693939037632e+02,3.460947134409e+02,1.938684167915e+02,1.137065526496e+02
1.549948240111e+05,1.457753403389e+03,1.190341905516e+03,5.721071308658e+02,3.479203474841e+02,1.949308500511e+02,1.143366891149e+02
1.589163619876e+05,1.458206915085e+03,1.192817405248e+03,5.748643184740e+02,3.497784177883e+02,1.960128298638e+02,1.149785381512e+02
1.629371191490e+05,1.458661502665e+03,1.195312003461e+03,5.776658055851e+02,3.516693129949e+02,1.971146225983e+02,1.156322650729e+02
1.670596058488e+05,1.459117035169e+03,1.197825192517e+03,5.805119217903e+02,3.535934213092e+02,1.982364960605e+02,1.162980363697e+02
1.712863959552e+05,1.459573380673e+03,1.200356447333e+03,5.834029868658e+02,3.555511303654e+02,1.993787194711e+02,1.169760197049e+02
1.756201284581e+05,1.460030406448e+03,1.202905225719e+03,5.863393103594e+02,3.575428270896e+02,2.005415634452e+02,1.176663839160e+02
1.800635091167e+05,1.460487979108e+03,1.205470968749e+03,5.893211911756e+02,3.595688975609e+02,2.017252999714e+02,1.183692990150e+02
1.846193121487e+05,1.460945964769e+03,1.208053101166e+03,5.923489171570e+02,3.616297268709e+02,2.029302023915e+02,1.190849361894e+02
1.892903819628e+05,1.461404229206e+03,1.210651031812e+03,5.954227646631e+02,3.637256989808e+02,2.041565453810e+02,1.198134678047e+02
1.940796349343e+05,1.461862638004e+03,1.213264154099e+03,5.985429981470e+02,3.658571965762e+02,2.054046049301e+02,1.205550674068e+02
1.989900612257e+05,1.462321056724e+03,1.215891846500e+03,6.017098697296e+02,3.680246009208e+02,2.066746583246e+02,1.213099097258e+02
2.040247266542e+05,1.462779351051e+03,1.218533473074e+03,6.049236187720e+02,3.702282917070e+02,2.079669841280e+02,1.220781706799e+02
2.091867746053e+05,1.463237386955e+03,1.221188384027e+03,6.081844714464e+02,3.724686469043e+02,2.092818621636e+02,1.228600273808e+02
2.144794279957e+05,1.463695030845e+03,1.223855916286e+03,6.114926403052e+02,3.747460426058e+02,2.106195734971e+02,1.236556581397e+02
2.199059912853e+05,1.464152149724e+03,1.226535394116e+03,6.148483238493e+02,3.770608528719e+02,2.119804004198e+02,1.244652424732e+02
2.254698525406e+05,1.464608611337e+03,1.229226129750e+03,6.182517060952e+02,3.794134495713e+02,2.133646264318e+02,1.252889611115e+02
2.311744855497e+05,1.465064284324e+03,1.231927424052e+03,6.217029561418e+02,3.818042022200e+02,2.147725362261e+02,1.261269960062e+02
2.370234519914e+05,1.465519038369e+03,1.234638567202e+03,6.252022277365e+02,3.842334778163e+02,2.162044156722e+02,1.269795303391e+02
2.430204036589e+05,1.465972744338e+03,1.237358839397e+03,6.287496588422e+02,3.867016406742e+02,2.176605518005e+02,1.278467485322e+02
2.491690847396e+05,1.466425274429e+03,1.240087511586e+03,6.323453712036e+02,3.892090522530e+02,2.191412327871e+02,1.287288362579e+02
2.554733341532e+05,1.466876502302e+03,1.242823846207e+03,6.359894699148e+02,3.917560709837e+02,2.206467479377e+02,1.296259804504e+02
2.619370879479e+05,1.467326303219e+03,1.245567097958e+03,6.396820429881e+02,3.943430520924e+02,2.221773876731e+02,1.305383693173e+02
2.685643817585e+05,1.467774554171e+03,1.248316514574e+03,6.434231609241e+02,3.969703474200e+02,2.237334435132e+02,1.314661923526e+02
2.753593533255e+05,1.468221134005e+03,1.251071337623e+03,6.472128762837e+02,3.996383052384e+02,2.253152080619e+02,1.324096403494e+02
2.823262450791e+05,1.468665923544e+03,1.253830803310e+03,6.510512232623e+02,4.023472700629e+02,2.269229749914e+02,1.333689054146e+02
2.894694067873e+05,1.469108805708e+03,1.256594143300e+03,6.549382172672e+02,4.050975824605e+02,2.285570390268e+02,1.343441809827e+02
2.967932982720e+05,1.469549665617e+03,1.259360585543e+03,6.588738544977e+02,4.078895788544e+02,2.302176959295e+02,1.353356618316e+02
3.043024921936e+05,1.469988390706e+03,1.262129355108e+03,6.628581115291e+02,4.107235913240e+02,2.319052424812e+02,1.363435440981e+02
3.120016769057e+05,1.470424870821e+03,1.264899675025e+03,6.668909449016e+02,4.135999474007e+02,2.336199764668e+02,1.373680252942e+02
3.198956593823e+05,1.470858998315e+03,1.267670767129e+03,6.709722907126e+02,4.165189698590e+02,2.353621966570e+02,1.384093043241e+02
3.279893682193e+05,1.471290668142e+03,1.270441852903e+03,6.751020642160e+02,4.194809765027e+02,2.371322027896e+02,1.394675815013e+02
3.362878567112e+05,1.471719777934e+03,1.273212154329e+03,6.792801594261e+02,4.224862799466e+02,2.389302955514e+02,1.405430585668e+02
3.447963060064e+05,1.472146228083e+03,1.275980894724e+03,6.835064487288e+02,4.255351873928e+02,2.407567765575e+02,1.416359387068e+02
3.535200283422e+05,1.472569921816e+03,1.278747299587e+03,6.877807824999e+02,4.286280004017e+02,2.426119483309e+02,1.427464265718e+02
3.624644703611e+05,1.472990765256e+03,1.281510597428e+03,6.921029887312e+02,4.317650146582e+02,2.444961142805e+02,1.438747282952e+02
3.716352165117e+05,1.473408667486e+03,1.284270020597e+03,6.964728726650e+02,4.349465197314e+02,2.464095786774e+02,1.450210515125e+02
3.810379925350e+05,1.473823540601e+03,1.287024806096e+03,7.008902164385e+02,4.381727988297e+02,2.483526466310e+02,1.461856053813e+02
3.906786690398e+05,1.474235299759e+03,1.289774196392e+03,7.053547787377e+02,4.414441285492e+02,2.503256240623e+02,1.473686006002e+02
4.005632651676e+05,1.474643863221e+03,1.292517440203e+03,7.098662944623e+02,4.447607786164e+02,2.523288176768e+02,1.485702494294e+02
4.106979523506e+05,1.475049152387e+03,1.295253793279e+03,7.144244744026e+02,4.481230116253e+02,2.543625349343e+02,1.497907657102e+02
4.210890581652e+05,1.475451091831e+03,1.297982519164e+03,7.190290049282e+02,4.515310827674e+02,2.564270840186e+02,1.510303648856e+02
4.317430702822e+05,1.475849609319e+03,1.300702889940e+03,7.236795476908e+02,4.549852395560e+02,2.585227738034e+02,1.522892640196e+02
4.426666405175e+05,1.476244635835e+03,1.303414186951e+03,7.283757393411e+02,4.584857215440e+02,2.606499138170e+02,1.535676818183e+02
4.538665889854e+05,1.476636105587e+03,1.306115701505e+03,7.331171912601e+02,4.620327600351e+02,2.628088142049e+02,1.548658386490e+02
4.653499083564e+05,1.477023956025e+03,1.308806735564e+03,7.379034893076e+02,4.656265777882e+02,2.649997856893e+02,1.561839565606e+02
4.771237682232e+05,1.477408127832e+03,1.311486602391e+03,7.427341935866e+02,4.692673887154e+02,2.672231395265e+02,1.575222593032e+02
4.891955195769e+05,1.477788564930e+03,1.314154627197e+03,7.476088382269e+02,4.729553975734e+02,2.694791874615e+02,1.588809723475e+02
5.015726993969e+05,1.478165214469e+03,1.316810147738e+03,7.525269311865e+02,4.766907996478e+02,2.717682416794e+02,1.602603229042e+02
5.142630353562e+05,1.478538026817e+03,1.319452514907e+03,7.574879540739e+02,4.804737804310e+02,2.740906147545e+02,1.616605399428e+02
5.272744506465e+05,1.478906955538e+03,1.322081093283e+03,7.624913619905e+02,4.843045152929e+02,2.764466195954e+02,1.630818542098e+02
5.406150689248e+05,1.479271957376e+03,1.324695261656e+03,7.675365833957e+02,4.881831691455e+02,2.788365693873e+02,1.645244982473e+02
5.542932193855e+05,1.479632992224e+03,1.327294413531e+03,7.726230199951e+02,4.921098961001e+02,2.812607775310e+02,1.659887064102e+02
5.683174419607e+05,1.479990023098e+03,1.329877957590e+03,7.777500466518e+02,4.960848391184e+02,2.837195575776e+02,1.674747148832e+02
5.826964926521e+05,1.480343016100e+03,1.332445318130e+03,7.829170113239e+02,5.001081296565e+02,2.862132231597e+02,1.689827616974e+02
5.974393489977e+05,1.480691940380e+03,1.334995935471e+03,7.881232350273e+02,5.041798873033e+02,2.887420879193e+02,1.705130867458e+02
6.125552156770e+05,1.481036768099e+03,1.337529266331e+03,7.933680118260e+02,5.083002194116e+02,2.913064654307e+02,1.720659317983e+02
6.280535302582e+05,1.481377474376e+03,1.340044784170e+03,7.986506088504e+02,5.124692207235e+02,2.939066691194e+02,1.736415405161e+02
6.439439690899e+05,1.481714037248e+03,1.342541979504e+03,8.039702663447e+02,5.166869729901e+02,2.965430121771e+02,1.752401584648e+02
6.602364533431e+05,1.482046437617e+03,1.345020360184e+03,8.093261977442e+02,5.209535445847e+02,2.992158074711e+02,1.768620331272e+02
6.769411552050e+05,1.482374659193e+03,1.347479451649e+03,8.147175897840e+02,5.252689901109e+02,3.019253674504e+02,1.785074139141e+02
6.940685042305e+05,1.482698688441e+03,1.349918797141e+03,8.201436026394e+02,5.296333500056e+02,3.046720040453e+02,1.801765521757e+02
7.116291938535e+05,1.483018514524e+03,1.352337957894e+03,8.256033700985e+02,5.340466501365e+02,3.074560285633e+02,1.818697012100e+02
7.296341880634e+05,1.483334129237e+03,1.354736513289e+03,8.310959997699e+02,5.385089013953e+02,3.102777515789e+02,1.835871162717e+02
7.480947282504e+05,1.483645526953e+03,1.357114060984e+03,8.366205733231e+02,5.430200992864e+02,3.131374828186e+02,1.853290545788e+02
7.670223402244e+05,1.483952704551e+03,1.359470217001e+03,8.421761467653e+02,5.475802235119e+02,3.160355310398e+02,1.870957753183e+02
7.864288414105e+05,1.484255661353e+03,1.361804615800e+03,8.477617507537e+02,5.521892375532e+02,3.189722039049e+02,1.888875396507e+02
8.063263482277e+05,1.484554399062e+03,1.364116910312e+03,8.533763909441e+02,5.568470882488e+02,3.219478078483e+02,1.907046107126e+02
8.267272836538e+05,1.484848921684e+03,1.366406771947e+03,8.590190483765e+02,5.615537053707e+02,3.249626479386e+02,1.925472536185e+02
8.476443849811e+05,1.485139235469e+03,1.368673890576e+03,8.646886798991e+02,5.663090011982e+02,3.280170277339e+02,1.944157354603e+02
8.690907117696e+05,1.485425348836e+03,1.370917974483e+03,8.703842186288e+02,5.711128700902e+02,3.311112491313e+02,1.963103253057e+02
8.910796540002e+05,1.485707272302e+03,1.373138750294e+03,8.761045744518e+02,5.759651880570e+02,3.342456122092e+02,1.982312941947e+02
9.136249404350e+05,1.485985018415e+03,1.375335962876e+03,8.818486345608e+02,5.808658123318e+02,3.374204150638e+02,2.001789151341e+02
9.367406471888e+05,1.486258601678e+03,1.377509375218e+03,8.876152640330e+02,5.858145809425e+02,3.406359536387e+02,2.021534630909e+02
9.604412065172e+05,1.486528038482e+03,1.379658768282e+03,8.934033064454e+02,5.908113122856e+02,3.438925215466e+02,2.041552149829e+02
9.847414158279e+05,1.486793347032e+03,1.381783940838e+03,8.992115845292e+02,5.958558047007e+02,3.471904098857e+02,2.061844496674e+02
1.009656446919e+06,1.487054547277e+03,1.383884709266e+03,9.050389008637e+02,6.009478360493e+02,3.505299070473e+02,2.082414479288e+02
1.035201855452e+06,1.487311660837e+03,1.385960907356e+03,9.108840386076e+02,6.060871632961e+02,3.539112985172e+02,2.103264924627e+02
1.061393590662e+06,1.487564710937e+03,1.388012386068e+03,9.167457622691e+02,6.112735220957e+02,3.573348666686e+02,2.124398678587e+02
1.088248005320e+06,1.487813722330e+03,1.390039013287e+03,9.226228185132e+02,6.165066263841e+02,3.608008905487e+02,2.145818605804e+02
1.115781865937e+06,1.488058721234e+03,1.392040673557e+03,9.285139370064e+02,6.217861679769e+02,3.643096456567e+02,2.167527589433e+02
1.144012363237e+06,1.488299735259e+03,1.394017267799e+03,9.344178312977e+02,6.271118161749e+02,3.678614037140e+02,2.189528530898e+02
1.172957122887e+06,1.488536793341e+03,1.395968713009e+03,9.403331997354e+02,6.324832173781e+02,3.714564324269e+02,2.211824349622e+02
1.202634216503e+06,1.488769925673e+03,1.397894941950e+03,9.462587264182e+02,6.378999947090e+02,3.750949952411e+02,2.234417982725e+02
1.233062172933e+06,1.488999163641e+03,1.399795902823e+03,9.521930821801e+02,6.433617476470e+02,3.787773510879e+02,2.257312384695e+02
1.264259989824e+06,1.489224539756e+03,1.401671558934e+03,9.581349256081e+02,6.488680516737e+02,3.825037541228e+02,2.280510527036e+02
1.296247145485e+06,1.489446087593e+03,1.403521888342e+03,9.640829040908e+02,6.544184579317e+02,3.862744534545e+02,2.304015397877e+02
1.329043611047e+06,1.489663841725e+03,1.405346883499e+03,9.700356548969e+02,6.600124928973e+02,3.900896928674e+02,2.327830001561e+02
1.362669862932e+06,1.489877837663e+03,1.407146550888e+03,9.759918062820e+02,6.656496580682e+02,3.939497105340e+02,2.351957358191e+02
1.397146895639e+06,1.490088111795e+03,1.408920910644e+03,9.819499786220e+02,6.713294296683e+02,3.978547387197e+02,2.376400503156e+02
1.432496234851e+06,1.490294701327e+03,1.410669996172e+03,9.879087855716e+02,6.770512583691e+02,4.018050034789e+02,2.401162486613e+02
1.468739950872e+06,1.490497644225e+03,1.412393853759e+03,9.938668352461e+02,6.828145690314e+02,4.058007243426e+02,2.426246372941e+02
1.505900672410e+06,1.490696979159e+03,1.414092542182e+03,9.998227314235e+02,6.886187604669e+02,4.098421139972e+02,2.451655240155e+02
1.544001600704e+06,1.490892745444e+03,1.415766132307e+03,1.005775074766e+03,6.944632052205e+02,4.139293779551e+02,2.477392179285e+02
1.583066524011e+06,1.491084982996e+03,1.417414706694e+03,1.011722464061e+03,7.003472493772e+02,4.180627142163e+02,2.503460293719e+02
1.623119832454e+06,1.491273732268e+03,1.419038359190e+03,1.017663497471e+03,7.062702123917e+02,4.222423129221e+02,2.529862698504e+02
1.664186533256e+06,1.491459034207e+03,1.420637194523e+03,1.023596773801e+03,7.122313869446e+02,4.264683559993e+02,2.556602519607e+02
1.706292266345e+06,1.491640930205e+03,1.422211327904e+03,1.029520893776e+03,7.182300388247e+02,4.307410167973e+02,2.583682893139e+02
1.749463320374e+06,1.491819462045e+03,1.423760884612e+03,1.035434461320e+03,7.242654068400e+02,4.350604597156e+02,2.611106964527e+02
1.793726649121e+06,1.491994671862e+03,1.425285999598e+03,1.041336084850e+03,7.303367027585e+02,4.394268398237e+02,2.638877887656e+02
1.839109888328e+06,1.492166602093e+03,1.426786817076e+03,1.047224378562e+03,7.364431112783e+02,4.438403024728e+02,2.666998823951e+02
1.885641372951e+06,1.492335295438e+03,1.428263490128e+03,1.053097963724e+03,7.425837900315e+02,4.483009828992e+02,2.695472941425e+02
1.933350154849e+06,1.492500794815e+03,1.429716180298e+03,1.058955469963e+03,7.487578696202e+02,4.528090058202e+02,2.724303413670e+02
1.982266020927e+06,1.492663143323e+03,1.431145057206e+03,1.064795536548e+03,7.549644536873e+02,4.573644850221e+02,2.753493418807e+02
2.032419511730e+06,1.492822384198e+03,1.432550298148e+03,1.070616813665e+03,7.612026190224e+02,4.619675229407e+02,2.783046138382e+02
2.083841940513e+06,1.492978560782e+03,1.433932087719e+03,1.076417963677e+03,7.674714157055e+02,4.666182102344e+02,2.812964756209e+02
2.136565412789e+06,1.493131716483e+03,1.435290617422e+03,1.082197662378e+03,7.737698672870e+02,4.713166253512e+02,2.843252457163e+02
2.190622846377e+06,1.493281894744e+03,1.436626085299e+03,1.087954600225e+03,7.800969710078e+02,4.760628340875e+02,2.873912425917e+02
2.246047991953e+06,1.493429139006e+03,1.437938695556e+03,1.093687483554e+03,7.864516980577e+02,4.808568891418e+02,2.904947845627e+02
2.302875454119e+06,1.493573492680e+03,1.439228658201e+03,1.099395035771e+03,7.928329938757e+02,4.856988296615e+02,2.936361896552e+02
2.361140713014e+06,1.493714999113e+03,1.440496188684e+03,1.105075998525e+03,7.992397784907e+02,4.905886807848e+02,2.968157754628e+02
2.420880146463e+06,1.493853701564e+03,1.441741507549e+03,1.110729132849e+03,8.056709469047e+02,4.955264531764e+02,3.000338589968e+02
2.482131052689e+06,1.493989643174e+03,1.442964840085e+03,1.116353220275e+03,8.121253695185e+02,5.005121425588e+02,3.032907565315e+02
2.544931673599e+06,1.494122866939e+03,1.444166415997e+03,1.121947063917e+03,8.186018926006e+02,5.055457292395e+02,3.065867834420e+02
2.609321218664e+06,1.494253415686e+03,1.445346469069e+03,1.127509489523e+03,8.250993387999e+02,5.106271776339e+02,3.099222540367e+02
2.675339889398e+06,1.494381332050e+03,1.446505236848e+03,1.133039346484e+03,8.316165077022e+02,5.157564357845e+02,3.132974813823e+02
2.743028904456e+06,1.494506658450e+03,1.447642960329e+03,1.138535508817e+03,8.381521764313e+02,5.209334348786e+02,3.167127771229e+02
2.812430525368e+06,1.494629437070e+03,1.448759883650e+03,1.143996876098e+03,8.447051002936e+02,5.261580887621e+02,3.201684512917e+02
2.883588082931e+06,1.494749709836e+03,1.449856253797e+03,1.149422374355e+03,8.512740134681e+02,5.314302934534e+02,3.236648121164e+02
2.956546004255e+06,1.494867518399e+03,1.450932320314e+03,1.154810956927e+03,8.578576297394e+02,5.367499266549e+02,3.272021658171e+02
3.031349840505e+06,1.494982904117e+03,1.451988335021e+03,1.160161605264e+03,8.644546432758e+02,5.421168472663e+02,3.307808163966e+02
3.108046295341e+06,1.495095908038e+03,1.453024551748e+03,1.165473329696e+03,8.710637294498e+02,5.475308948965e+02,3.344010654244e+02
3.186683254076e+06,1.495206570884e+03,1.454041226069e+03,1.170745170137e+03,8.776835457022e+02,5.529918893782e+02,3.380632118125e+02
3.267309813573e+06,1.495314933036e+03,1.455038615045e+03,1.175976196761e+03,8.843127324485e+02,5.584996302849e+02,3.417675515836e+02
3.349976312901e+06,1.495421034520e+03,1.456016976986e+03,1.181165510607e+03,8.909499140267e+02,5.640538964502e+02,3.455143776316e+02
3.434734364760e+06,1.495524914996e+03,1.456976571204e+03,1.186312244152e+03,8.975936996855e+02,5.696544454918e+02,3.493039794750e+02
3.521636887709e+06,1.495626613744e+03,1.457917657794e+03,1.191415561819e+03,9.042426846121e+02,5.753010133408e+02,3.531366430013e+02
3.610738139203e+06,1.495726169653e+03,1.458840497408e+03,1.196474660441e+03,9.108954509987e+02,5.809933137763e+02,3.570126502037e+02
3.702093749472e+06,1.495823621213e+03,1.459745351042e+03,1.201488769673e+03,9.175505691448e+02,5.867310379678e+02,3.609322789102e+02
3.795760756249e+06,1.495919006503e+03,1.460632479840e+03,1.206457152343e+03,9.242065985961e+02,5.925138540257e+02,3.648958025038e+02
3.891797640386e+06,1.496012363184e+03,1.461502144890e+03,1.211379104763e+03,9.308620893159e+02,5.983414065606e+02,3.689034896346e+02
3.990264362362e+06,1.496103728490e+03,1.462354607043e+03,1.216253956975e+03,9.375155828898e+02,6.042133162538e+02,3.729556039233e+02
4.091222399723e+06,1.496193139222e+03,1.463190126732e+03,1.221081072957e+03,9.441656137586e+02,6.101291794389e+02,3.770524036568e+02
4.194734785463e+06,1.496280631742e+03,1.464008963801e+03,1.225859850765e+03,9.508107104812e+02,6.160885676966e+02,3.811941414743e+02
4.300866147381e+06,1.496366241965e+03,1.464811377340e+03,1.230589722634e+03,9.574493970212e+02,6.220910274634e+02,3.853810640459e+02
4.409682748428e+06,1.496450005356e+03,1.465597625532e+03,1.235270155020e+03,9.640801940590e+02,6.281360796561e+02,3.896134117415e+02
4.521252528081e+06,1.496531956924e+03,1.466367965504e+03,1.239900648599e+03,9.707016203228e+02,6.342232193126e+02,3.938914182921e+02
4.635645144759e+06,1.496612131223e+03,1.467122653184e+03,1.244480738209e+03,9.773121939404e+02,6.403519152508e+02,3.982153104410e+02
4.752932019316e+06,1.496690562339e+03,1.467861943171e+03,1.249009992753e+03,9.839104338047e+02,6.465216097477e+02,4.025853075883e+02
4.873186379630e+06,1.496767283898e+03,1.468586088604e+03,1.253488015046e+03,9.904948609543e+02,6.527317182379e+02,4.070016214245e+02
4.996483306325e+06,1.496842329057e+03,1.469295341047e+03,1.257914441620e+03,9.970639999633e+02,6.589816290360e+02,4.114644555572e+02
5.122899779647e+06,1.496915730504e+03,1.469989950371e+03,1.262288942490e+03,1.003616380339e+03,6.652707030811e+02,4.159740051285e+02
5.252514727526e+06,1.496987520458e+03,1.470670164652e+03,1.266611220866e+03,1.010150537925e+03,6.715982737074e+02,4.205304564235e+02
5.385409074854e+06,1.497057730665e+03,1.471336230065e+03,1.270881012832e+03,1.016665016303e+03,6.779636464408e+02,4.251339864711e+02
5.521665794010e+06,1.497126392404e+03,1.471988390796e+03,1.275098086979e+03,1.023158368199e+03,6.843660988231e+02,4.297847626361e+02
5.661369956668e+06,1.497193536479e+03,1.472626888951e+03,1.279262244007e+03,1.029629156878e+03,6.908048802666e+02,4.344829422026e+02
5.804608786904e+06,1.497259193225e+03,1.473251964474e+03,1.283373316284e+03,1.036075957539e+03,6.972792119380e+02,4.392286719504e+02
5.951471715662e+06,1.497323392507e+03,1.473863855067e+03,1.287431167369e+03,1.042497358688e+03,7.037882866757e+02,4.440220877221e+02
6.102050436583e+06,1.497386163723e+03,1.474462796127e+03,1.291435691511e+03,1.048891963513e+03,7.103312689395e+02,4.488633139836e+02
6.256438963259e+06,1.497447535802e+03,1.475049020671e+03,1.295386813108e+03,1.055258391227e+03,7.169072947962e+02,4.537524633765e+02
6.414733687929e+06,1.497507537208e+03,1.475622759280e+03,1.299284486137e+03,1.061595278402e+03,7.235154719402e+02,4.586896362631e+02
6.577033441658e+06,1.497566195941e+03,1.476184240046e+03,1.303128693565e+03,1.067901280275e+03,7.301548797530e+02,4.636749202649e+02
6.743439556047e+06,1.497623539543e+03,1.476733688511e+03,1.306919446723e+03,1.074175072028e+03,7.368245693999e+02,4.687083897940e+02
6.914055926497e+06,1.497679595096e+03,1.477271327631e+03,1.310656784666e+03,1.080415350045e+03,7.435235639676e+02,4.737901055782e+02
7.088989077074e+06,1.497734389225e+03,1.477797377730e+03,1.314340773505e+03,1.086620833129e+03,7.502508586428e+02,4.789201141796e+02
7.268348227020e+06,1.497787948107e+03,1.478312056457e+03,1.317971505724e+03,1.092790263693e+03,7.570054209320e+02,4.840984475086e+02
7.452245358944e+06,1.497840297466e+03,1.478815578763e+03,1.321549099477e+03,1.098922408909e+03,7.637861909256e+02,4.893251223319e+02
7.640795288735e+06,1.497891462583e+03,1.479308156859e+03,1.325073697866e+03,1.105016061822e+03,7.705920816055e+02,4.946001397754e+02
7.834115737250e+06,1.497941468296e+03,1.479790000201e+03,1.328545468213e+03,1.111070042417e+03,7.774219791972e+02,4.999234848240e+02
8.032327403813e+06,1.497990339008e+03,1.480261315458e+03,1.331964601309e+03,1.117083198648e+03,7.842747435683e+02,5.052951258164e+02
8.235554041571e+06,1.498038098684e+03,1.480722306501e+03,1.335331310668e+03,1.123054407418e+03,7.911492086729e+02,5.107150139379e+02
8.443922534762e+06,1.498084770863e+03,1.481173174380e+03,1.338645831751e+03,1.128982575511e+03,7.980441830429e+02,5.161830827092e+02
8.657562977931e+06,1.498130378657e+03,1.481614117317e+03,1.341908421205e+03,1.134866640474e+03,8.049584503268e+02,5.216992474750e+02
8.876608757159e+06,1.498174944758e+03,1.482045330694e+03,1.345119356085e+03,1.140705571451e+03,8.118907698761e+02,5.272634048899e+02
9.101196633340e+06,1.498218491440e+03,1.482467007046e+03,1.348278933069e+03,1.146498369959e+03,8.188398773795e+02,5.328754324043e+02
9.331466827567e+06,1.498261040569e+03,1.482879336058e+03,1.351387467687e+03,1.152244070612e+03,8.258044855454e+02,5.385351877513e+02
9.567563108679e+06,1.498302613600e+03,1.483282504563e+03,1.354445293527e+03,1.157941741791e+03,8.327832848320e+02,5.442425084330e+02
9.809632883025e+06,1.498343231590e+03,1.483676696542e+03,1.357452761465e+03,1.163590486258e+03,8.397749442252e+02,5.499972112107e+02
1.005782728649e+07,1.498382915195e+03,1.484062093130e+03,1.360410238880e+03,1.169189441706e+03,8.467781120648e+02,5.557990915960e+02
1.031230127888e+07,1.498421684682e+03,1.484438872621e+03,1.363318108881e+03,1.174737781261e+03,8.537914169165e+02,5.616479233474e+02
1.057321374062e+07,1.498459559929e+03,1.484807210472e+03,1.366176769542e+03,1.180234713919e+03,8.608134684910e+02,5.675434579701e+02
1.084072757202e+07,1.498496560434e+03,1.485167279318e+03,1.368986633129e+03,1.185679484925e+03,8.678428586089e+02,5.734854242227e+02
1.111500979491e+07,1.498532705315e+03,1.485519248981e+03,1.371748125355e+03,1.191071376099e+03,8.748781622104e+02,5.794735276303e+02
1.139623165698e+07,1.498568013322e+03,1.485863286482e+03,1.374461684623e+03,1.196409706092e+03,8.819179384080e+02,5.855074500049e+02
1.168456873867e+07,1.498602502835e+03,1.486199556061e+03,1.377127761297e+03,1.201693830597e+03,8.889607315826e+02,5.915868489762e+02
1.198020106278e+07,1.498636191876e+03,1.486528219185e+03,1.379746816967e+03,1.206923142493e+03,8.960050725201e+02,5.977113575314e+02
1.228331320690e+07,1.498669098109e+03,1.486849434577e+03,1.382319323737e+03,1.212097071931e+03,9.030494795884e+02,6.038805835670e+02
1.259409441863e+07,1.498701238848e+03,1.487163358226e+03,1.384845763517e+03,1.217215086372e+03,9.100924599513e+02,6.100941094535e+02
1.291273873374e+07,1.498732631060e+03,1.487470143412e+03,1.387326627339e+03,1.222276690560e+03,9.171325108194e+02,6.163514916135e+02
1.323944509731e+07,1.498763291373e+03,1.487769940729e+03,1.389762414670e+03,1.227281426445e+03,9.241681207344e+02,6.226522601160e+02
1.357441748795e+07,1.498793236081e+03,1.488062898105e+03,1.392153632753e+03,1.232228873050e+03,9.311977708865e+02,6.289959182868e+02
1.391786504517e+07,1.498822481147e+03,1.488349160827e+03,1.394500795961e+03,1.237118646290e+03,9.382199364603e+02,6.353819423368e+02
1.427000219991e+07,1.498851042208e+03,1.488628871568e+03,1.396804425157e+03,1.241950398731e+03,9.452330880089e+02,6.418097810106e+02
1.463104880845e+07,1.498878934585e+03,1.488902170411e+03,1.399065047077e+03,1.246723819313e+03,9.522356928525e+02,6.482788552552e+02
1.500123028970e+07,1.498906173283e+03,1.489169194875e+03,1.401283193733e+03,1.251438633011e+03,9.592262164993e+02,6.547885579121e+02
1.538077776589e+07,1.498932772997e+03,1.489430079944e+03,1.403459401821e+03,1.256094600461e+03,9.662031240859e+02,6.613382534317e+02
1.576992820689e+07,1.498958748121e+03,1.489684958095e+03,1.405594212154e+03,1.260691517537e+03,9.731648818342e+02,6.679272776148e+02
1.616892457818e+07,1.498984112748e+03,1.489933959326e+03,1.407688169110e+03,1.265229214887e+03,9.801099585216e+02,6.745549373799e+02
1.657801599254e+07,1.499008880678e+03,1.490177211187e+03,1.409741820096e+03,1.269707557423e+03,9.870368269623e+02,6.812205105590e+02
1.699745786555e+07,1.499033065422e+03,1.490414838806e+03,1.411755715028e+03,1.274126443787e+03,9.939439654957e+02,6.879232457234e+02
1.742751207509e+07,1.499056680210e+03,1.490646964924e+03,1.413730405833e+03,1.278485805762e+03,1.000829859479e+03,6.946623620407e+02
1.786844712485e+07,1.499079737991e+03,1.490873709922e+03,1.415666445963e+03,1.282785607666e+03,1.007693002781e+03,7.014370491648e+02
1.832053831195e+07,1.499102251440e+03,1.491095191853e+03,1.417564389927e+03,1.287025845701e+03,1.014531899272e+03,7.082464671598e+02
1.878406789882e+07,1.499124232965e+03,1.491311526474e+03,1.419424792845e+03,1.291206547282e+03,1.021345064313e+03,7.150897464600e+02
1.925932528943e+07,1.499145694710e+03,1.491522827279e+03,1.421248210012e+03,1.295327770331e+03,1.028131026228e+03,7.219659878669e+02
1.974660721001e+07,1.499166648558e+03,1.491729205525e+03,1.423035196487e+03,1.299389602553e+03,1.034888327772e+03,7.288742625844e+02
2.024621789427e+07,1.499187106140e+03,1.491930770270e+03,1.424786306687e+03,1.303392160680e+03,1.041615527577e+03,7.358136122945e+02
2.075846927337e+07,1.499207078835e+03,1.492127628401e+03,1.426502094016e+03,1.307335589701e+03,1.048311201585e+03,7.427830492731e+02
2.128368117066e+07,1.499226577779e+03,1.492319884671e+03,1.428183110491e+03,1.311220062074e+03,1.054973944452e+03,7.497815565493e+02
2.182218150139e+07,1.499245613867e+03,1.492507641724e+03,1.429829906398e+03,1.315045776911e+03,1.061602370930e+03,7.568080881073e+02
2.237430647739e+07,1.499264197758e+03,1.492691000133e+03,1.431443029955e+03,1.318812959164e+03,1.068195117227e+03,7.638615691336e+02
2.294040081705e+07,1.499282339879e+03,1.492870058429e+03,1.433023027003e+03,1.322521858784e+03,1.074750842320e+03,7.709408963093e+02
2.352081796048e+07,1.499300050429e+03,1.493044913136e+03,1.434570440696e+03,1.326172749881e+03,1.081268229248e+03,7.780449381494e+02
2.411592029025e+07,1.499317339388e+03,1.493215658800e+03,1.436085811221e+03,1.329765929866e+03,1.087745986358e+03,7.851725353894e+02
2.472607935755e+07,1.499334216514e+03,1.493382388022e+03,1.437569675526e+03,1.333301718594e+03,1.094182848518e+03,7.923225014202e+02
2.535167611428e+07,1.499350691353e+03,1.493545191492e+03,1.439022567062e+03,1.336780457497e+03,1.100577578278e+03,7.994936227714e+02
2.599310115079e+07,1.499366773240e+03,1.493704158017e+03,1.440445015544e+03,1.340202508721e+03,1.106928966996e+03,8.066846596454e+02
2.665075493981e+07,1.499382471303e+03,1.493859374556e+03,1.441837546720e+03,1.343568254252e+03,1.113235835905e+03,8.138943464994e+02
2.732504808647e+07,1.499397794472e+03,1.494010926247e+03,1.443200682161e+03,1.346878095053e+03,1.119497037142e+03,8.211213926792e+02
2.801640158466e+07,1.499412751476e+03,1.494158896446e+03,1.444534939057e+03,1.350132450194e+03,1.125711454709e+03,8.283644831025e+02
2.872524707985e+07,1.499427350851e+03,1.494303366747e+03,1.445840830028e+03,1.353331755995e+03,1.131878005399e+03,8.356222789929e+02
2.945202713865e+07,1.499441600944e+03,1.494444417025e+03,1.447118862955e+03,1.356476465167e+03,1.137995639648e+03,8.428934186640e+02
3.019719552505e+07,1.499455509915e+03,1.494582125454e+03,1.448369540810e+03,1.359567045963e+03,1.144063342341e+03,8.501765183538e+02
3.096121748379e+07,1.499469085742e+03,1.494716568548e+03,1.449593361508e+03,1.362603981334e+03,1.150080133555e+03,8.574701731088e+02
3.174457003079e+07,1.499482336224e+03,1.494847821186e+03,1.450790817768e+03,1.365587768103e+03,1.156045069245e+03,8.647729577164e+02
3.254774225101e+07,1.499495268987e+03,1.494975956639e+03,1.451962396984e+03,1.368518916135e+03,1.161957241862e+03,8.720834276874e+02
3.337123560377e+07,1.499507891482e+03,1.495101046605e+03,1.453108581104e+03,1.371397947533e+03,1.167815780918e+03,8.794001202839e+02
3.421556423589e+07,1.499520210996e+03,1.495223161236e+03,1.454229846528e+03,1.374225395834e+03,1.173619853482e+03,8.867215555957e+02
3.508125530264e+07,1.499532234649e+03,1.495342369166e+03,1.455326664005e+03,1.377001805233e+03,1.179368664618e+03,8.940462376611e+02
3.596884929689e+07,1.499543969402e+03,1.495458737538e+03,1.456399498551e+03,1.379727729804e+03,1.185061457756e+03,9.013726556313e+02
3.687890038659e+07,1.499555422057e+03,1.495572332035e+03,1.457448809363e+03,1.382403732750e+03,1.190697515004e+03,9.086992849784e+02
3.781197676072e+07,1.499566599263e+03,1.495683216908e+03,1.458475049755e+03,1.385030385662e+03,1.196276157392e+03,9.160245887434e+02
3.876866098407e+07,1.499577507517e+03,1.495791455001e+03,1.459478667097e+03,1.387608267798e+03,1.201796745060e+03,9.233470188231e+02
3.974955036097e+07,1.499588153168e+03,1.495897107779e+03,1.460460102758e+03,1.390137965376e+03,1.207258677378e+03,9.306650172950e+02
4.075525730818e+07,1.499598542422e+03,1.496000235356e+03,1.461419792062e+03,1.392620070885e+03,1.212661393010e+03,9.379770177754e+02
4.178640973727e+07,1.499608681340e+03,1.496100896518e+03,1.462358164252e+03,1.395055182416e+03,1.218004369912e+03,9.452814468115e+02
4.284365144668e+07,1.499618575849e+03,1.496199148754e+03,1.463275642461e+03,1.397443903012e+03,1.223287125278e+03,9.525767253028e+02
4.392764252362e+07,1.499628231737e+03,1.496295048278e+03,1.464172643684e+03,1.399786840030e+03,1.228509215421e+03,9.598612699503e+02
4.503905975625e+07,1.499637654660e+03,1.496388650055e+03,1.465049578762e+03,1.402084604532e+03,1.233670235600e+03,9.671334947301e+02
4.617859705620e+07,1.499646850144e+03,1.496480007826e+03,1.465906852375e+03,1.404337810687e+03,1.238769819793e+03,9.743918123893e+02
4.734696589182e+07,1.499655823589e+03,1.496569174134e+03,1.466744863033e+03,1.406547075194e+03,1.243807640418e+03,9.816346359607e+02
4.854489573238e+07,1.499664580269e+03,1.496656200346e+03,1.467564003077e+03,1.408713016732e+03,1.248783407994e+03,9.888603802936e+02
4.977313450354e+07,1.499673125339e+03,1.496741136679e+03,1.468364658689e+03,1.410836255414e+03,1.253696870758e+03,9.960674635967e+02
5.103244905427e+07,1.499681463831e+03,1.496824032220e+03,1.469147209898e+03,1.412917412278e+03,1.258547814241e+03,1.003254308991e+03
5.232362563566e+07,1.499689600665e+03,1.496904934952e+03,1.469912030600e+03,1.414957108782e+03,1.263336060778e+03,1.010419346069e+03
5.364747039182e+07,1.499697540643e+03,1.496983891779e+03,1.470659488576e+03,1.416955966331e+03,1.268061468995e+03,1.017561012457e+03
5.500480986316e+07,1.499705288460e+03,1.497060948541e+03,1.471389945517e+03,1.418914605814e+03,1.272723933243e+03,1.024677755373e+03
5.639649150250e+07,1.499712848698e+03,1.497136150043e+03,1.472103757054e+03,1.420833647163e+03,1.277323382993e+03,1.031768033188e+03
5.782338420410e+07,1.499720225836e+03,1.497209540074e+03,1.472801272791e+03,1.422713708935e+03,1.281859782196e+03,1.038830316972e+03
5.928637884623e+07,1.499727424246e+03,1.497281161427e+03,1.473482836339e+03,1.424555407906e+03,1.286333128609e+03,1.045863092032e+03
6.078638884733e+07,1.499734448199e+03,1.497351055920e+03,1.474148785357e+03,1.426359358686e+03,1.290743453085e+03,1.052864859437e+03
6.232435073631e+07,1.499741301867e+03,1.497419264422e+03,1.474799451595e+03,1.428126173358e+03,1.295090818832e+03,1.059834137520e+03
6.390122473731e+07,1.499747989326e+03,1.497485826863e+03,1.475435160938e+03,1.429856461121e+03,1.299375320654e+03,1.066769463365e+03
6.551799536917e+07,1.499754514553e+03,1.497550782265e+03,1.476056233456e+03,1.431550827965e+03,1.303597084150e+03,1.073669394262e+03
6.717567206014e+07,1.499760881435e+03,1.497614168752e+03,1.476662983453e+03,1.433209876358e+03,1.307756264905e+03,1.080532509139e+03
6.887528977809e+07,1.499767093768e+03,1.497676023575e+03,1.477255719522e+03,1.434834204942e+03,1.311853047650e+03,1.087357409956e+03
7.061790967673e+07,1.499773155257e+03,1.497736383128e+03,1.477834744599e+03,1.436424408263e+03,1.315887645410e+03,1.094142723074e+03
7.240461975808e+07,1.499779069521e+03,1.497795282969e+03,1.478400356019e+03,1.437981076497e+03,1.319860298633e+03,1.100887100575e+03
7.423653555183e+07,1.499784840096e+03,1.497852757834e+03,1.478952845581e+03,1.439504795206e+03,1.323771274305e+03,1.107589221547e+03
7.611480081176e+07,1.499790470431e+03,1.497908841658e+03,1.479492499600e+03,1.440996145105e+03,1.327620865051e+03,1.114247793328e+03
7.804058822990e+07,1.499795963898e+03,1.497963567593e+03,1.480019598976e+03,1.442455701842e+03,1.331409388234e+03,1.120861552691e+03
8.001510016863e+07,1.499801323786e+03,1.498016968022e+03,1.480534419254e+03,1.443884035797e+03,1.335137185037e+03,1.127429266997e+03
8.203956941143e+07,1.499806553309e+03,1.498069074578e+03,1.481037230693e+03,1.445281711887e+03,1.338804619549e+03,1.133949735283e+03
8.411525993255e+07,1.499811655604e+03,1.498119918159e+03,1.481528298326e+03,1.446649289395e+03,1.342412077837e+03,1.140421789299e+03
8.624346768615e+07,1.499816633734e+03,1.498169528945e+03,1.482007882032e+03,1.447987321804e+03,1.345959967028e+03,1.146844294496e+03
8.842552141545e+07,1.499821490690e+03,1.498217936417e+03,1.482476236603e+03,1.449296356650e+03,1.349448714380e+03,1.153216150946e+03
9.066278348233e+07,1.499826229391e+03,1.498265169364e+03,1.482933611809e+03,1.450576935380e+03,1.352878766367e+03,1.159536294210e+03
9.295665071789e+07,1.499830852690e+03,1.498311255906e+03,1.483380252472e+03,1.451829593230e+03,1.356250587757e+03,1.165803696139e+03
9.530855529460e+07,1.499835363370e+03,1.498356223508e+03,1.483816398534e+03,1.453054859109e+03,1.359564660701e+03,1.172017365621e+03
9.771996562044e+07,1.499839764147e+03,1.498400098990e+03,1.484242285123e+03,1.454253255498e+03,1.362821483829e+03,1.178176349253e+03
1.001923872557e+08,1.499844057675e+03,1.498442908547e+03,1.484658142633e+03,1.455425298352e+03,1.366021571352e+03,1.184279731958e+03
1.027273638531e+08,1.499848246543e+03,1.498484677757e+03,1.485064196784e+03,1.456571497027e+03,1.369165452175e+03,1.190326637535e+03
1.053264781212e+08,1.499852333281e+03,1.498525431600e+03,1.485460668702e+03,1.457692354199e+03,1.372253669022e+03,1.196316229138e+03
1.079913528131e+08,1.499856320356e+03,1.498565194471e+03,1.485847774984e+03,1.458788365806e+03,1.375286777571e+03,1.202247709694e+03
1.107236517392e+08,1.499860210178e+03,1.498603990188e+03,1.486225727771e+03,1.459860020994e+03,1.378265345604e+03,1.208120322256e+03
1.135250808060e+08,1.499864005099e+03,1.498641842012e+03,1.486594734820e+03,1.460907802071e+03,1.381189952171e+03,1.213933350287e+03
1.163973890815e+08,1.499867707416e+03,1.498678772653e+03,1.486954999575e+03,1.461932184470e+03,1.384061186769e+03,1.219686117875e+03
1.193423698869e+08,1.499871319370e+03,1.498714804289e+03,1.487306721235e+03,1.462933636720e+03,1.386879648535e+03,1.225377989895e+03
1.223618619164e+08,1.499874843148e+03,1.498749958572e+03,1.487650094828e+03,1.463912620428e+03,1.389645945460e+03,1.231008372090e+03
1.254577503852e+08,1.499878280887e+03,1.498784256644e+03,1.487985311279e+03,1.464869590262e+03,1.392360693619e+03,1.236576711103e+03
1.286319682065e+08,1.499881634671e+03,1.498817719147e+03,1.488312557480e+03,1.465804993944e+03,1.395024516419e+03,1.242082494438e+03
1.318864971982e+08,1.499884906536e+03,1.498850366234e+03,1.488632016362e+03,1.466719272249e+03,1.397638043861e+03,1.247525250362e+03
1.352233693205e+08,1.499888098466e+03,1.498882217583e+03,1.488943866960e+03,1.467612859015e+03,1.400201911832e+03,1.252904547748e+03
1.386446679444e+08,1.499891212402e+03,1.498913292402e+03,1.489248284485e+03,1.468486181147e+03,1.402716761407e+03,1.258219995855e+03
1.421525291524e+08,1.499894250234e+03,1.498943609446e+03,1.489545440390e+03,1.469339658641e+03,1.405183238175e+03,1.263471244059e+03
1.457491430721e+08,1.499897213811e+03,1.498973187025e+03,1.489835502439e+03,1.470173704602e+03,1.407601991586e+03,1.268657981522e+03
1.494367552440e+08,1.499900104934e+03,1.499002043012e+03,1.490118634773e+03,1.470988725272e+03,1.409973674313e+03,1.273779936810e+03
1.532176680229e+08,1.499902925364e+03,1.499030194857e+03,1.490394997976e+03,1.471785120065e+03,1.412298941646e+03,1.278836877460e+03
1.570942420160e+08,1.499905676817e+03,1.499057659594e+03,1.490664749144e+03,1.472563281597e+03,1.414578450894e+03,1.283828609500e+03
1.610688975562e+08,1.499908360969e+03,1.499084453852e+03,1.490928041943e+03,1.473323595732e+03,1.416812860814e+03,1.288754976917e+03
1.651441162135e+08,1.499910979457e+03,1.499110593862e+03,1.491185026683e+03,1.474066441624e+03,1.419002831065e+03,1.293615861084e+03
1.693224423444e+08,1.499913533876e+03,1.499136095470e+03,1.491435850372e+03,1.474792191765e+03,1.421149021671e+03,1.298411180145e+03
1.736064846804e+08,1.499916025784e+03,1.499160974143e+03,1.491680656785e+03,1.475501212035e+03,1.423252092520e+03,1.303140888359e+03
1.779989179567e+08,1.499918456702e+03,1.499185244979e+03,1.491919586527e+03,1.476193861758e+03,1.425312702868e+03,1.307804975404e+03
1.825024845823e+08,1.499920828115e+03,1.499208922715e+03,1.492152777087e+03,1.476870493760e+03,1.427331510877e+03,1.312403465653e+03
1.871199963518e+08,1.499923141469e+03,1.499232021735e+03,1.492380362909e+03,1.477531454425e+03,1.429309173163e+03,1.316936417406e+03
1.918543362018e+08,1.499925398179e+03,1.499254556082e+03,1.492602475442e+03,1.478177083762e+03,1.431246344370e+03,1.321403922105e+03
1.967084600099e+08,1.499927599623e+03,1.499276539458e+03,1.492819243206e+03,1.478807715467e+03,1.433143676762e+03,1.325806103513e+03
2.016853984409e+08,1.499929747148e+03,1.499297985240e+03,1.493030791849e+03,1.479423676989e+03,1.435001819834e+03,1.330143116868e+03
2.067882588386e+08,1.499931842068e+03,1.499318906484e+03,1.493237244200e+03,1.480025289604e+03,1.436821419941e+03,1.334415148019e+03
2.120202271660e+08,1.499933885663e+03,1.499339315933e+03,1.493438720330e+03,1.480612868477e+03,1.438603119950e+03,1.338622412538e+03
2.173845699943e+08,1.499935879185e+03,1.499359226023e+03,1.493635337609e+03,1.481186722742e+03,1.440347558906e+03,1.342765154816e+03
2.228846365428e+08,1.499937823855e+03,1.499378648892e+03,1.493827210756e+03,1.481747155570e+03,1.442055371719e+03,1.346843647142e+03
2.285238607695e+08,1.499939720864e+03,1.499397596387e+03,1.494014451897e+03,1.482294464248e+03,1.443727188863e+03,1.350858188772e+03
2.343057635154e+08,1.499941571373e+03,1.499416080071e+03,1.494197170617e+03,1.482828940250e+03,1.445363636104e+03,1.354809104985e+03
2.402339547024e+08,1.499943376518e+03,1.499434111226e+03,1.494375474012e+03,1.483350869319e+03,1.446965334230e+03,1.358696746128e+03
2.463121355876e+08,1.499945137406e+03,1.499451700866e+03,1.494549466742e+03,1.483860531542e+03,1.448532898810e+03,1.362521486665e+03
2.525441010738e+08,1.499946855116e+03,1.499468859738e+03,1.494719251079e+03,1.484358201426e+03,1.450066939962e+03,1.366283724204e+03
2.589337420791e+08,1.499948530702e+03,1.499485598329e+03,1.494884926963e+03,1.484844147983e+03,1.451568062135e+03,1.369983878543e+03
2.654850479658e+08,1.499950165192e+03,1.499501926877e+03,1.495046592042e+03,1.485318634806e+03,1.453036863915e+03,1.373622390698e+03
2.722021090318e+08,1.499951759591e+03,1.499517855369e+03,1.495204341728e+03,1.485781920147e+03,1.454473937837e+03,1.377199721944e+03
2.790891190636e+08,1.499953314877e+03,1.499533393555e+03,1.495358269243e+03,1.486234257001e+03,1.455879870212e+03,1.380716352851e+03
2.861503779554e+08,1.499954832006e+03,1.499548550946e+03,1.495508465662e+03,1.486675893186e+03,1.457255240974e+03,1.384172782335e+03
2.933902943933e+08,1.499956311909e+03,1.499563336827e+03,1.495655019961e+03,1.487107071419e+03,1.458600623532e+03,1.387569526706e+03
3.008133886078e+08,1.499957755498e+03,1.499577760256e+03,1.495798019065e+03,1.487528029404e+03,1.459916584640e+03,1.390907118730e+03
3.084242951964e+08,1.499959163658e+03,1.499591830074e+03,1.495937547887e+03,1.487938999906e+03,1.461203684279e+03,1.394186106703e+03
3.162277660168e+08,1.499960537257e+03,1.499605554907e+03,1.496073689375e+03,1.488340210836e+03,1.462462475548e+03,1.397407053524e+03
