alpha,d_c_R2,d_c_R5,d_c_R10
1.000000000000e-05,1.072511069271e-01,1.310896573239e-01,1.524544478673e-01
1.027319864033e-05,1.072496251823e-01,1.310847174499e-01,1.524424497491e-01
1.055386103037e-05,1.072481030197e-01,1.310796431985e-01,1.524301267895e-01
1.084219107874e-05,1.072465393385e-01,1.310744309305e-01,1.524174702758e-01
1.113839826483e-05,1.072449330080e-01,1.310690769090e-01,1.524044712661e-01
1.144269779097e-05,1.072432828671e-01,1.310635772969e-01,1.523911205835e-01
1.175531073878e-05,1.072415877229e-01,1.310579281543e-01,1.523774088103e-01
1.207646422983e-05,1.072398463503e-01,1.310521254356e-01,1.523633262820e-01
1.240639159059e-05,1.072380574909e-01,1.310461649869e-01,1.523488630807e-01
1.274533252198e-05,1.072362198521e-01,1.310400425432e-01,1.523340090294e-01
1.309353327354e-05,1.072343321065e-01,1.310337537252e-01,1.523187536852e-01
1.345124682228e-05,1.072323928905e-01,1.310272940367e-01,1.523030863325e-01
1.381873305654e-05,1.072304008036e-01,1.310206588614e-01,1.522869959767e-01
1.419625896475e-05,1.072283544074e-01,1.310138434596e-01,1.522704713371e-01
1.458409882944e-05,1.072262522244e-01,1.310068429651e-01,1.522535008397e-01
1.498253442650e-05,1.072240927372e-01,1.309996523821e-01,1.522360726103e-01
1.539185522990e-05,1.072218743874e-01,1.309922665814e-01,1.522181744668e-01
1.581235862200e-05,1.072195955741e-01,1.309846802975e-01,1.521997939121e-01
1.624435010959e-05,1.072172546535e-01,1.309768881244e-01,1.521809181260e-01
1.668814354589e-05,1.072148499369e-01,1.309688845127e-01,1.521615339580e-01
1.714406135852e-05,1.072123796903e-01,1.309606637653e-01,1.521416279185e-01
1.761243478381e-05,1.072098421324e-01,1.309522200338e-01,1.521211861712e-01
1.809360410739e-05,1.072072354342e-01,1.309435473148e-01,1.521001945250e-01
1.858791891147e-05,1.072045577169e-01,1.309346394456e-01,1.520786384248e-01
1.909573832878e-05,1.072018070512e-01,1.309254901002e-01,1.520565029435e-01
1.961743130353e-05,1.071989814554e-01,1.309160927853e-01,1.520337727729e-01
2.015337685942e-05,1.071960788945e-01,1.309064408359e-01,1.520104322149e-01
2.070396437502e-05,1.071930972786e-01,1.308965274107e-01,1.519864651721e-01
2.126959386669e-05,1.071900344613e-01,1.308863454881e-01,1.519618551387e-01
2.185067627916e-05,1.071868882382e-01,1.308758878612e-01,1.519365851910e-01
2.244763378413e-05,1.071836563458e-01,1.308651471332e-01,1.519106379778e-01
2.306090008697e-05,1.071803364592e-01,1.308541157127e-01,1.518839957102e-01
2.369092074183e-05,1.071769261910e-01,1.308427858088e-01,1.518566401522e-01
2.433815347531e-05,1.071734230897e-01,1.308311494258e-01,1.518285526100e-01
2.500306851906e-05,1.071698246374e-01,1.308191983583e-01,1.517997139219e-01
2.568614895141e-05,1.071661282487e-01,1.308069241862e-01,1.517701044480e-01
2.638789104829e-05,1.071623312686e-01,1.307943182686e-01,1.517397040590e-01
2.710880464384e-05,1.071584309706e-01,1.307813717389e-01,1.517084921257e-01
2.784941350081e-05,1.071544245550e-01,1.307680754991e-01,1.516764475082e-01
2.861025569104e-05,1.071503091470e-01,1.307544202138e-01,1.516435485441e-01
2.939188398647e-05,1.071460817943e-01,1.307403963045e-01,1.516097730378e-01
3.019486626065e-05,1.071417394655e-01,1.307259939439e-01,1.515750982486e-01
3.101978590138e-05,1.071372790479e-01,1.307112030490e-01,1.515395008792e-01
3.186724223454e-05,1.071326973454e-01,1.306960132757e-01,1.515029570640e-01
3.273785095949e-05,1.071279910759e-01,1.306804140118e-01,1.514654423569e-01
3.363224459643e-05,1.071231568697e-01,1.306643943708e-01,1.514269317193e-01
3.455107294592e-05,1.071181912668e-01,1.306479431853e-01,1.513873995082e-01
3.549500356099e-05,1.071130907146e-01,1.306310489998e-01,1.513468194631e-01
3.646472223213e-05,1.071078515653e-01,1.306137000641e-01,1.513051646943e-01
3.746093348551e-05,1.071024700740e-01,1.305958843262e-01,1.512624076698e-01
3.848436109487e-05,1.070969423953e-01,1.305775894250e-01,1.512185202027e-01
3.953574860738e-05,1.070912645815e-01,1.305588026830e-01,1.511734734383e-01
4.061585988377e-05,1.070854325795e-01,1.305395110987e-01,1.511272378415e-01
4.172547965337e-05,1.070794422279e-01,1.305197013392e-01,1.510797831832e-01
4.286541408421e-05,1.070732892547e-01,1.304993597320e-01,1.510310785278e-01
4.403649136870e-05,1.070669692740e-01,1.304784722574e-01,1.509810922196e-01
4.523956232538e-05,1.070604777833e-01,1.304570245404e-01,1.509297918698e-01
4.647550101702e-05,1.070538101604e-01,1.304350018422e-01,1.508771443432e-01
4.774520538566e-05,1.070469616602e-01,1.304123890521e-01,1.508231157449e-01
4.904959790502e-05,1.070399274117e-01,1.303891706789e-01,1.507676714070e-01
5.038962625065e-05,1.070327024148e-01,1.303653308422e-01,1.507107758754e-01
5.176626398849e-05,1.070252815365e-01,1.303408532635e-01,1.506523928963e-01
5.318051128214e-05,1.070176595084e-01,1.303157212573e-01,1.505924854031e-01
5.463339561957e-05,1.070098309224e-01,1.302899177221e-01,1.505310155032e-01
5.612597255955e-05,1.070017902274e-01,1.302634251311e-01,1.504679444649e-01
5.765932649859e-05,1.069935317258e-01,1.302362255224e-01,1.504032327043e-01
5.923457145876e-05,1.069850495697e-01,1.302083004903e-01,1.503368397723e-01
6.085285189706e-05,1.069763377569e-01,1.301796311746e-01,1.502687243422e-01
6.251534353690e-05,1.069673901274e-01,1.301501982516e-01,1.501988441967e-01
6.422325422229e-05,1.069582003588e-01,1.301199819238e-01,1.501271562157e-01
6.597782479540e-05,1.069487619629e-01,1.300889619097e-01,1.500536163639e-01
6.778032999799e-05,1.069390682810e-01,1.300571174340e-01,1.499781796792e-01
6.963207939764e-05,1.069291124797e-01,1.300244272166e-01,1.499008002608e-01
7.153441833911e-05,1.069188875468e-01,1.299908694629e-01,1.498214312578e-01
7.348872892180e-05,1.069083862867e-01,1.299564218525e-01,1.497400248583e-01
7.549643100390e-05,1.068976013157e-01,1.299210615290e-01,1.496565322789e-01
7.755898323389e-05,1.068865250573e-01,1.298847650890e-01,1.495709037542e-01
7.967788411037e-05,1.068751497377e-01,1.298475085713e-01,1.494830885272e-01
8.185467307069e-05,1.068634673808e-01,1.298092674456e-01,1.493930348402e-01
8.409093160944e-05,1.068514698031e-01,1.297700166019e-01,1.493006899259e-01
8.638828442740e-05,1.068391486085e-01,1.297297303389e-01,1.492059999992e-01
8.874840061199e-05,1.068264951837e-01,1.296883823529e-01,1.491089102499e-01
9.117299484985e-05,1.068135006922e-01,1.296459457267e-01,1.490093648360e-01
9.366382867262e-05,1.068001560692e-01,1.296023929181e-01,1.489073068774e-01
9.622271173675e-05,1.067864520160e-01,1.295576957481e-01,1.488026784503e-01
9.885150313827e-05,1.067723789945e-01,1.295118253904e-01,1.486954205837e-01
1.015521127635e-04,1.067579272213e-01,1.294647523590e-01,1.485854732549e-01
1.043265026764e-04,1.067430866616e-01,1.294164464973e-01,1.484727753871e-01
1.071766885446e-04,1.067278470237e-01,1.293668769667e-01,1.483572648484e-01
1.101047411031e-04,1.067121977526e-01,1.293160122346e-01,1.482388784504e-01
1.131127876594e-04,1.066961280237e-01,1.292638200638e-01,1.481175519495e-01
1.162030136386e-04,1.066796267366e-01,1.292102675006e-01,1.479932200482e-01
1.193776641714e-04,1.066626825086e-01,1.291553208637e-01,1.478658163987e-01
1.226390457252e-04,1.066452836682e-01,1.290989457331e-01,1.477352736068e-01
1.259895277795e-04,1.066274182480e-01,1.290411069389e-01,1.476015232384e-01
1.294315445480e-04,1.066090739784e-01,1.289817685507e-01,1.474644958260e-01
1.329675967466e-04,1.065902382801e-01,1.289208938664e-01,1.473241208782e-01
1.366002534105e-04,1.065708982577e-01,1.288584454018e-01,1.471803268902e-01
1.403321537605e-04,1.065510406918e-01,1.287943848801e-01,1.470330413557e-01
1.441660091207e-04,1.065306520322e-01,1.287286732222e-01,1.468821907812e-01
1.481046048881e-04,1.065097183900e-01,1.286612705358e-01,1.467277007017e-01
1.521508025563e-04,1.064882255305e-01,1.285921361070e-01,1.465694956988e-01
1.563075417946e-04,1.064661588652e-01,1.285212283898e-01,1.464074994204e-01
1.605778425837e-04,1.064435034443e-01,1.284485049980e-01,1.462416346028e-01
1.649648074098e-04,1.064202439483e-01,1.283739226960e-01,1.460718230949e-01
1.694716235184e-04,1.063963646806e-01,1.282974373910e-01,1.458979858846e-01
1.741015652304e-04,1.063718495588e-01,1.282190041251e-01,1.457200431278e-01
1.788579963204e-04,1.063466821067e-01,1.281385770679e-01,1.455379141795e-01
1.837443724611e-04,1.063208454461e-01,1.280561095100e-01,1.453515176280e-01
1.887642437335e-04,1.062943222879e-01,1.279715538566e-01,1.451607713309e-01
1.939212572066e-04,1.062670949240e-01,1.278848616221e-01,1.449655924548e-01
1.992191595866e-04,1.062391452183e-01,1.277959834251e-01,1.447658975166e-01
2.046617999392e-04,1.062104545981e-01,1.277048689840e-01,1.445616024287e-01
2.102531324863e-04,1.061810040451e-01,1.276114671141e-01,1.443526225466e-01
2.159972194783e-04,1.061507740867e-01,1.275157257240e-01,1.441388727197e-01
2.218982341459e-04,1.061197447868e-01,1.274175918145e-01,1.439202673446e-01
2.279604637319e-04,1.060878957367e-01,1.273170114773e-01,1.436967204228e-01
2.341883126059e-04,1.060552060459e-01,1.272139298952e-01,1.434681456199e-01
2.405863054644e-04,1.060216543330e-01,1.271082913427e-01,1.432344563295e-01
2.471590906179e-04,1.059872187165e-01,1.270000391887e-01,1.429955657399e-01
2.539114433680e-04,1.059518768052e-01,1.268891158989e-01,1.427513869036e-01
2.608482694772e-04,1.059156056888e-01,1.267754630408e-01,1.425018328109e-01
2.679746087326e-04,1.058783819288e-01,1.266590212891e-01,1.422468164671e-01
2.752956386074e-04,1.058401815489e-01,1.265397304325e-01,1.419862509719e-01
2.828166780230e-04,1.058009800255e-01,1.264175293821e-01,1.417200496040e-01
2.905431912128e-04,1.057607522785e-01,1.262923561812e-01,1.414481259074e-01
2.984807916924e-04,1.057194726613e-01,1.261641480162e-01,1.411703937830e-01
3.066352463379e-04,1.056771149522e-01,1.260328412299e-01,1.408867675817e-01
3.150124795755e-04,1.056336523444e-01,1.258983713355e-01,1.405971622028e-01
3.236185776862e-04,1.055890574369e-01,1.257606730331e-01,1.403014931947e-01
3.324597932271e-04,1.055433022253e-01,1.256196802274e-01,1.399996768589e-01
3.415425495745e-04,1.054963580924e-01,1.254753260475e-01,1.396916303584e-01
3.508734455903e-04,1.054481957994e-01,1.253275428688e-01,1.393772718278e-01
3.604592604165e-04,1.053987854767e-01,1.251762623368e-01,1.390565204882e-01
3.703069584005e-04,1.053480966153e-01,1.250214153924e-01,1.387292967638e-01
3.804236941544e-04,1.052960980578e-01,1.248629323004e-01,1.383955224025e-01
3.908168177536e-04,1.052427579903e-01,1.247007426793e-01,1.380551205987e-01
4.014938800764e-04,1.051880439336e-01,1.245347755339e-01,1.377080161188e-01
4.124626382901e-04,1.051319227355e-01,1.243649592899e-01,1.373541354302e-01
4.237310614869e-04,1.050743605628e-01,1.241912218313e-01,1.369934068312e-01
4.353073364732e-04,1.050153228937e-01,1.240134905398e-01,1.366257605846e-01
4.471998737181e-04,1.049547745105e-01,1.238316923373e-01,1.362511290521e-01
4.594173134636e-04,1.048926794927e-01,1.236457537305e-01,1.358694468314e-01
4.719685320018e-04,1.048290012102e-01,1.234556008587e-01,1.354806508940e-01
4.848626481239e-04,1.047637023172e-01,1.232611595434e-01,1.350846807255e-01
4.981090297453e-04,1.046967447464e-01,1.230623553419e-01,1.346814784654e-01
5.117173007115e-04,1.046280897034e-01,1.228591136027e-01,1.342709890492e-01
5.256973477902e-04,1.045576976619e-01,1.226513595243e-01,1.338531603498e-01
5.400593278542e-04,1.044855283596e-01,1.224390182168e-01,1.334279433196e-01
5.548136752609e-04,1.044115407936e-01,1.222220147660e-01,1.329952921323e-01
5.699711094326e-04,1.043356932178e-01,1.220002743012e-01,1.325551643243e-01
5.855426426450e-04,1.042579431400e-01,1.217737220655e-01,1.321075209350e-01
6.015395880275e-04,1.041782473200e-01,1.215422834891e-01,1.316523266458e-01
6.179735677828e-04,1.040965617682e-01,1.213058842654e-01,1.311895499180e-01
6.348565216305e-04,1.040128417451e-01,1.210644504310e-01,1.307191631277e-01
6.522007154819e-04,1.039270417619e-01,1.208179084474e-01,1.302411426995e-01
6.700187503510e-04,1.038391155810e-01,1.205661852863e-01,1.297554692360e-01
6.883235715100e-04,1.037490162189e-01,1.203092085183e-01,1.292621276452e-01
7.071284778943e-04,1.036566959482e-01,1.200469064034e-01,1.287611072639e-01
7.264471317641e-04,1.035621063023e-01,1.197792079850e-01,1.282524019763e-01
7.462935686310e-04,1.034651980800e-01,1.195060431869e-01,1.277360103288e-01
7.666822074546e-04,1.033659213518e-01,1.192273429123e-01,1.272119356399e-01
7.876278611187e-04,1.032642254671e-01,1.189430391458e-01,1.266801861040e-01
8.091457471930e-04,1.031600590625e-01,1.186530650581e-01,1.261407748902e-01
8.312514989891e-04,1.030533700717e-01,1.183573551124e-01,1.255937202341e-01
8.539611769186e-04,1.029441057364e-01,1.180558451741e-01,1.250390455235e-01
8.772912801613e-04,1.028322126188e-01,1.177484726217e-01,1.244767793765e-01
9.012587586526e-04,1.027176366155e-01,1.174351764601e-01,1.239069557132e-01
9.258810253974e-04,1.026003229724e-01,1.171158974356e-01,1.233296138178e-01
9.511759691219e-04,1.024802163021e-01,1.167905781531e-01,1.227447983947e-01
9.771619672696e-04,1.023572606021e-01,1.164591631934e-01,1.221525596140e-01
1.003857899354e-03,1.022313992750e-01,1.161215992335e-01,1.215529531497e-01
1.031283160672e-03,1.021025751501e-01,1.157778351661e-01,1.209460402078e-01
1.059457676401e-03,1.019707305077e-01,1.154278222215e-01,1.203318875454e-01
1.088401916069e-03,1.018358071038e-01,1.150715140892e-01,1.197105674802e-01
1.118136908429e-03,1.016977461980e-01,1.147088670394e-01,1.190821578900e-01
1.148684256738e-03,1.015564885828e-01,1.143398400455e-01,1.184467422017e-01
1.180066154448e-03,1.014119746146e-01,1.139643949055e-01,1.178044093709e-01
1.212305401338e-03,1.012641442473e-01,1.135824963631e-01,1.171552538505e-01
1.245425420069e-03,1.011129370681e-01,1.131941122278e-01,1.164993755494e-01
1.279450273208e-03,1.009582923346e-01,1.127992134939e-01,1.158368797796e-01
1.314404680709e-03,1.008001490151e-01,1.123977744580e-01,1.151678771946e-01
1.350314037870e-03,1.006384458304e-01,1.119897728340e-01,1.144924837155e-01
1.387204433786e-03,1.004731212987e-01,1.115751898666e-01,1.138108204478e-01
1.425102670303e-03,1.003041137818e-01,1.111540104416e-01,1.131230135872e-01
1.464036281489e-03,1.001313615342e-01,1.107262231939e-01,1.124291943161e-01
1.504033553638e-03,9.995480275524e-02,1.102918206111e-01,1.117294986887e-01
1.545123545824e-03,9.977437564218e-02,1.098507991345e-01,1.110240675078e-01
1.587336111010e-03,9.959001844700e-02,1.094031592552e-01,1.103130461907e-01
1.630701917737e-03,9.940166953500e-02,1.089489056065e-01,1.095965846266e-01
1.675252472408e-03,9.920926744601e-02,1.084880470503e-01,1.088748370253e-01
1.721020142175e-03,9.901275095811e-02,1.080205967597e-01,1.081479617559e-01
1.768038178457e-03,9.881205915365e-02,1.075465722954e-01,1.074161211790e-01
1.816340741098e-03,9.860713148788e-02,1.070659956755e-01,1.066794814700e-01
1.865962923182e-03,9.839790785979e-02,1.065788934408e-01,1.059382124353e-01
1.916940776533e-03,9.818432868554e-02,1.060852967118e-01,1.051924873216e-01
1.969311337907e-03,9.796633497406e-02,1.055852412397e-01,1.044424826189e-01
2.023112655897e-03,9.774386840504e-02,1.050787674503e-01,1.036883778579e-01
2.078383818580e-03,9.751687140918e-02,1.045659204800e-01,1.029303554012e-01
2.135164981911e-03,9.728528725050e-02,1.040467502042e-01,1.021686002304e-01
2.193497398905e-03,9.704906011093e-02,1.035213112579e-01,1.014032997294e-01
2.253423449600e-03,9.680813517674e-02,1.029896630481e-01,1.006346434628e-01
2.314986671851e-03,9.656245872702e-02,1.024518697575e-01,9.986282295270e-02
2.378231792964e-03,9.631197822391e-02,1.019080003396e-01,9.908803145200e-02
2.443204762186e-03,9.605664240451e-02,1.013581285060e-01,9.831046371650e-02
2.509952784094e-03,9.579640137445e-02,1.008023327032e-01,9.753031577560e-02
2.578524352884e-03,9.553120670277e-02,1.002406960821e-01,9.674778470232e-02
2.648969287611e-03,9.526101151813e-02,9.967330645753e-02,9.596306838346e-02
2.721338768375e-03,9.498577060615e-02,9.910025625896e-02,9.517636529024e-02
2.795685373515e-03,9.470544050762e-02,9.852164247231e-02,9.438787425014e-02
2.872063117798e-03,9.441997961751e-02,9.793756657261e-02,9.359779422045e-02
2.950527491670e-03,9.412934828448e-02,9.734813444790e-02,9.280632406413e-02
3.031135501568e-03,9.383350891080e-02,9.675345631412e-02,9.201366232845e-02
3.113945711336e-03,9.353242605227e-02,9.615364662140e-02,9.122000702704e-02
3.199018284775e-03,9.322606651813e-02,9.554882395182e-02,9.042555542565e-02
3.286415029354e-03,9.291439947057e-02,9.493911090880e-02,8.963050383234e-02
3.376199441111e-03,9.259739652358e-02,9.432463399836e-02,8.883504739236e-02
3.468436750790e-03,9.227503184106e-02,9.370552350260e-02,8.803937988817e-02
3.563193971229e-03,9.194728223363e-02,9.308191334556e-02,8.724369354512e-02
3.660539946045e-03,9.161412725414e-02,9.245394095185e-02,8.644817884298e-02
3.760545399658e-03,9.127554929143e-02,9.182174709840e-02,8.565302433381e-02
3.863282988666e-03,9.093153366212e-02,9.118547575966e-02,8.485841646633e-02
3.968827354637e-03,9.058206870006e-02,9.054527394668e-02,8.406453941726e-02
4.077255178336e-03,9.022714584332e-02,8.990129154049e-02,8.327157492969e-02
4.188645235435e-03,8.986675971815e-02,8.925368112016e-02,8.247970215876e-02
4.303078453749e-03,8.950090821984e-02,8.860259778607e-02,8.168909752496e-02
4.420637972029e-03,8.912959259008e-02,8.794819897886e-02,8.089993457495e-02
4.541409200363e-03,8.875281749050e-02,8.729064429442e-02,8.011238385032e-02
4.665479882234e-03,8.837059107214e-02,8.663009529565e-02,7.932661276413e-02
4.792940158265e-03,8.798292504051e-02,8.596671532124e-02,7.854278548549e-02
4.923882631707e-03,8.758983471602e-02,8.530066929219e-02,7.776106283210e-02
5.058402435719e-03,8.719133908935e-02,8.463212351642e-02,7.698160217085e-02
5.196597302486e-03,8.678746087171e-02,8.396124549219e-02,7.620455732633e-02
5.338567634224e-03,8.637822653946e-02,8.328820371061e-02,7.543007849747e-02
5.484416576121e-03,8.596366637311e-02,8.261316745797e-02,7.465831218191e-02
5.634250091280e-03,8.554381449018e-02,8.193630661824e-02,7.388940110837e-02
5.788177037701e-03,8.511870887193e-02,8.125779147636e-02,7.312348417657e-02
5.946309247369e-03,8.468839138363e-02,8.057779252276e-02,7.236069640489e-02
6.108761607505e-03,8.425290778818e-02,7.989648025956e-02,7.160116888540e-02
6.275652144031e-03,8.381230775292e-02,7.921402500902e-02,7.084502874624e-02
6.447102107324e-03,8.336664484951e-02,7.853059672458e-02,7.009239912110e-02
6.623236060302e-03,8.291597654667e-02,7.784636480495e-02,6.934339912558e-02
6.804181968927e-03,8.246036419575e-02,7.716149791182e-02,6.859814384043e-02
6.990071295173e-03,8.199987300899e-02,7.647616379125e-02,6.785674430109e-02
7.181039092537e-03,8.153457203042e-02,7.579052909954e-02,6.711930749378e-02
7.377224104160e-03,8.106453409931e-02,7.510475923352e-02,6.638593635740e-02
7.578768863626e-03,8.058983580634e-02,7.441901816592e-02,6.565672979144e-02
7.785819798517e-03,8.011055744220e-02,7.373346828590e-02,6.493178266941e-02
7.998527336797e-03,7.962678293898e-02,7.304827024515e-02,6.421118585754e-02
8.217046016101e-03,7.913859980416e-02,7.236358280970e-02,6.349502623867e-02
8.441534596013e-03,7.864609904747e-02,7.167956271782e-02,6.278338674085e-02
8.672156173405e-03,7.814937510061e-02,7.099636454403e-02,6.207634637058e-02
8.909078300934e-03,7.764852573011e-02,7.031414056953e-02,6.137398025030e-02
9.152473108774e-03,7.714365194334e-02,6.963304065912e-02,6.067635965998e-02
9.402517429670e-03,7.663485788807e-02,6.895321214482e-02,5.998355208245e-02
9.659392927415e-03,7.612225074557e-02,6.827479971616e-02,5.929562125231e-02
9.923286228833e-03,7.560594061773e-02,6.759794531731e-02,5.861262720811e-02
1.019438905936e-02,7.508604040829e-02,6.692278805110e-02,5.793462634755e-02
1.047289838236e-02,7.456266569858e-02,6.624946408982e-02,5.726167148553e-02
1.075901654220e-02,7.403593461799e-02,6.557810659304e-02,5.659381191469e-02
1.105295141126e-02,7.350596770970e-02,6.490884563218e-02,5.593109346838e-02
1.135491654098e-02,7.297288779168e-02,6.424180812195e-02,5.527355858564e-02
1.166513131698e-02,7.243681981370e-02,6.357711775852e-02,5.462124637811e-02
1.198382111849e-02,7.189789071043e-02,6.291489496442e-02,5.397419269861e-02
1.231121748204e-02,7.135622925125e-02,6.225525683995e-02,5.333243021116e-02
1.264755826973e-02,7.081196588699e-02,6.159831712111e-02,5.269598846235e-02
1.299308784200e-02,7.026523259412e-02,6.094418614380e-02,5.206489395367e-02
1.334805723521e-02,6.971616271678e-02,6.029297081431e-02,5.143917021483e-02
1.371272434398e-02,6.916489080711e-02,5.964477458575e-02,5.081883787777e-02
1.408735410858e-02,6.861155246415e-02,5.899969744039e-02,5.020391475122e-02
1.447221870741e-02,6.805628417200e-02,5.835783587767e-02,4.959441589562e-02
1.486759775475e-02,6.749922313743e-02,5.771928290775e-02,4.899035369839e-02
1.527377850391e-02,6.694050712742e-02,5.708412805032e-02,4.839173794916e-02
1.569105605590e-02,6.638027430719e-02,5.645245733849e-02,4.779857591507e-02
1.611973357388e-02,6.581866307887e-02,5.582435332768e-02,4.721087241584e-02
1.656012250337e-02,6.525581192145e-02,5.519989510904e-02,4.662862989861e-02
1.701254279853e-02,6.469185923227e-02,5.457915832749e-02,4.605184851231e-02
1.747732315464e-02,6.412694317045e-02,5.396221520385e-02,4.548052618160e-02
1.795480124688e-02,6.356120150266e-02,5.334913456113e-02,4.491465868018e-02
1.844532397568e-02,6.299477145151e-02,5.273998185450e-02,4.435423970334e-02
1.894924771874e-02,6.242778954695e-02,5.213481920496e-02,4.379926093987e-02
1.946693858994e-02,6.186039148102e-02,5.153370543627e-02,4.324971214296e-02
1.999877270535e-02,6.129271196613e-02,5.093669611503e-02,4.270558120031e-02
2.054513645649e-02,6.072488459732e-02,5.034384359377e-02,4.216685420312e-02
2.110642679102e-02,6.015704171857e-02,4.975519705663e-02,4.163351551411e-02
2.168305150117e-02,5.958931429355e-02,4.917080256762e-02,4.110554783440e-02
2.227542952000e-02,5.902183178095e-02,4.859070312112e-02,4.058293226926e-02
2.288399122576e-02,5.845472201463e-02,4.801493869451e-02,4.006564839260e-02
2.350917875457e-02,5.788811108869e-02,4.744354630265e-02,3.955367431028e-02
2.415144632167e-02,5.732212324771e-02,4.687656005412e-02,3.904698672213e-02
2.481126055138e-02,5.675688078225e-02,4.631401120886e-02,3.854556098265e-02
2.548910081613e-02,5.619250392963e-02,4.575592823728e-02,3.804937116041e-02
2.618545958474e-02,5.562911078030e-02,4.520233688046e-02,3.755839009608e-02
2.690084278024e-02,5.506681718958e-02,4.465326021128e-02,3.707258945912e-02
2.763577014736e-02,5.450573669511e-02,4.410871869654e-02,3.659193980307e-02
2.839077563023e-02,5.394598043982e-02,4.356873025955e-02,3.611641061946e-02
2.916640776024e-02,5.338765710050e-02,4.303331034345e-02,3.564597039031e-02
2.996323005457e-02,5.283087282201e-02,4.250247197475e-02,3.518058663929e-02
3.078182142565e-02,5.227573115704e-02,4.197622582721e-02,3.472022598140e-02
3.162277660168e-02,5.172233301139e-02,4.145458028582e-02,3.426485417129e-02
