alpha,p_star_Pa,R_star_W0.25,R_star_W1,R_star_W4
1.000000000000e-05,2.306273062731e+04,5.859123847739e+02,9.300779359513e+02,1.476406693942e+03
1.027319864033e-05,2.369280776518e+04,5.721021227873e+02,9.081555115458e+02,1.441607014378e+03
1.055386103037e-05,2.434009888330e+04,5.586173722238e+02,8.867498043158e+02,1.407627572204e+03
1.084219107874e-05,2.500507428513e+04,5.454504606843e+02,8.658486350867e+02,1.374449034182e+03
1.113839826483e-05,2.568821712385e+04,5.325938966099e+02,8.454401117504e+02,1.342052522769e+03
1.144269779097e-05,2.639002375348e+04,5.200403650202e+02,8.255126224990e+02,1.310419605368e+03
1.175531073878e-05,2.711100408960e+04,5.077827233510e+02,8.060548292186e+02,1.279532283846e+03
1.207646422983e-05,2.785168197989e+04,4.958139973901e+02,7.870556610377e+02,1.249372984289e+03
1.240639159059e-05,2.861259558486e+04,4.841273773099e+02,7.685043080284e+02,1.219924547006e+03
1.274533252198e-05,2.939429776892e+04,4.727162137921e+02,7.503902150559e+02,1.191170216766e+03
1.309353327354e-05,3.019735650218e+04,4.615740142447e+02,7.327030757732e+02,1.163093633263e+03
1.345124682228e-05,3.102235527324e+04,4.506944391082e+02,7.154328267566e+02,1.135678821806e+03
1.381873305654e-05,3.186989351319e+04,4.400712982483e+02,6.985696417803e+02,1.108910184235e+03
1.419625896475e-05,3.274058703130e+04,4.296985474337e+02,6.821039262254e+02,1.082772490042e+03
1.458409882944e-05,3.363506846256e+04,4.195702848975e+02,6.660263116210e+02,1.057250867706e+03
1.498253442650e-05,3.455398772743e+04,4.096807479794e+02,6.503276503136e+02,1.032330796232e+03
1.539185522990e-05,3.549801250423e+04,4.000243098463e+02,6.349990102628e+02,1.007998096890e+03
1.581235862200e-05,3.646782871437e+04,3.905954762912e+02,6.200316699587e+02,9.842389251460e+02
1.624435010959e-05,3.746414102086e+04,3.813888826074e+02,6.054171134600e+02,9.610397627860e+02
1.668814354589e-05,3.848767334051e+04,3.723992905357e+02,5.911470255486e+02,9.383874102237e+02
1.714406135852e-05,3.953916937003e+04,3.636215852842e+02,5.772132869984e+02,9.162689789913e+02
1.761243478381e-05,4.061939312656e+04,3.550507726180e+02,5.636079699559e+02,8.946718844056e+02
1.809360410739e-05,4.172912950301e+04,3.466819760179e+02,5.503233334292e+02,8.735838384082e+02
1.858791891147e-05,4.286918483850e+04,3.385104339057e+02,5.373518188841e+02,8.529928425737e+02
1.909573832878e-05,4.404038750447e+04,3.305314969348e+02,5.246860459429e+02,8.328871812828e+02
1.961743130353e-05,4.524358850676e+04,3.227406253451e+02,5.123188081858e+02,8.132554150572e+02
2.015337685942e-05,4.647966210418e+04,3.151333863801e+02,5.002430690501e+02,7.940863740499e+02
2.070396437502e-05,4.774950644397e+04,3.077054517644e+02,4.884519578271e+02,7.753691516906e+02
2.126959386669e-05,4.905404421464e+04,3.004525952413e+02,4.769387657527e+02,7.570930984802e+02
2.185067627916e-05,5.039422331667e+04,2.933706901685e+02,4.656969421901e+02,7.392478159309e+02
2.244763378413e-05,5.177101755150e+04,2.864557071695e+02,4.547200909031e+02,7.218231506507e+02
2.306090008697e-05,5.318542732941e+04,2.797037118415e+02,4.440019664165e+02,7.048091885656e+02
2.369092074183e-05,5.463848039675e+04,2.731108625167e+02,4.335364704629e+02,6.881962492793e+02
2.433815347531e-05,5.613123258298e+04,2.666734080764e+02,4.233176485125e+02,6.719748805654e+02
2.500306851906e-05,5.766476856825e+04,2.603876858172e+02,4.133396863857e+02,6.561358529889e+02
2.568614895141e-05,5.924020267186e+04,2.542501193662e+02,4.035969069449e+02,6.406701546554e+02
2.638789104829e-05,6.085867966233e+04,2.482572166468e+02,3.940837668639e+02,6.255689860833e+02
2.710880464384e-05,6.252137558962e+04,2.424055678919e+02,3.847948534746e+02,6.108237551976e+02
2.784941350081e-05,6.422949864010e+04,2.366918437033e+02,3.757248816869e+02,5.964260724405e+02
2.861025569104e-05,6.598429001488e+04,2.311127931577e+02,3.668686909819e+02,5.823677459989e+02
2.939188398647e-05,6.778702483216e+04,2.256652419572e+02,3.582212424754e+02,5.686407771429e+02
3.019486626065e-05,6.963901305431e+04,2.203460906226e+02,3.497776160514e+02,5.552373556750e+02
3.101978590138e-05,7.154160044019e+04,2.151523127308e+02,3.415330075623e+02,5.421498554862e+02
3.186724223454e-05,7.349616952364e+04,2.100809531920e+02,3.334827260955e+02,5.293708302172e+02
3.273785095949e-05,7.550414061862e+04,2.051291265690e+02,3.256221913049e+02,5.168930090215e+02
3.363224459643e-05,7.756697285191e+04,2.002940154348e+02,3.179469308041e+02,5.047092924285e+02
3.455107294592e-05,7.968616522404e+04,1.955728687704e+02,3.104525776225e+02,4.928127483042e+02
3.549500356099e-05,8.186325769917e+04,1.909630003987e+02,3.031348677199e+02,4.811966079068e+02
3.646472223213e-05,8.409983232487e+04,1.864617874569e+02,2.959896375610e+02,4.698542620360e+02
3.746093348551e-05,8.639751438249e+04,1.820666689037e+02,2.890128217460e+02,4.587792572719e+02
3.848436109487e-05,8.875797356896e+04,1.777751440621e+02,2.822004506980e+02,4.479652923039e+02
3.953574860738e-05,9.118292521097e+04,1.735847711971e+02,2.755486484039e+02,4.374062143447e+02
4.061585988377e-05,9.367413151234e+04,1.694931661258e+02,2.690536302095e+02,4.270960156304e+02
4.172547965337e-05,9.623340283548e+04,1.654980008613e+02,2.627117006659e+02,4.170288300015e+02
4.286541408421e-05,9.886259901795e+04,1.615970022882e+02,2.565192514271e+02,4.071989295655e+02
4.403649136870e-05,1.015636307250e+05,1.577879508686e+02,2.504727591968e+02,3.976007214383e+02
4.523956232538e-05,1.043384608392e+05,1.540686793803e+02,2.445687837236e+02,3.882287445615e+02
4.647550101702e-05,1.071891058879e+05,1.504370716827e+02,2.388039658442e+02,3.790776665952e+02
4.774520538566e-05,1.101176375099e+05,1.468910615135e+02,2.331750255713e+02,3.701422808846e+02
4.904959790502e-05,1.131261839623e+05,1.434286313127e+02,2.276787602282e+02,3.614175034971e+02
5.038962625065e-05,1.162169316683e+05,1.400478110748e+02,2.223120426260e+02,3.528983703298e+02
5.176626398849e-05,1.193921268078e+05,1.367466772279e+02,2.170718192847e+02,3.445800342852e+02
5.318051128214e-05,1.226540769510e+05,1.335233515391e+02,2.119551086955e+02,3.364577625132e+02
5.463339561957e-05,1.260051527370e+05,1.303760000462e+02,2.069589996247e+02,3.285269337185e+02
5.612597255955e-05,1.294477895985e+05,1.273028320138e+02,2.020806494572e+02,3.207830355308e+02
5.765932649859e-05,1.329844895335e+05,1.243020989148e+02,1.973172825793e+02,3.132216619378e+02
5.923457145876e-05,1.366178229250e+05,1.213720934354e+02,1.926661887990e+02,3.058385107782e+02
6.085285189706e-05,1.403504304115e+05,1.185111485036e+02,1.881247218045e+02,2.986293812937e+02
6.251534353690e-05,1.441850248083e+05,1.157176363406e+02,1.836902976584e+02,2.915901717393e+02
6.422325422229e-05,1.481243930807e+05,1.129899675352e+02,1.793603933272e+02,2.847168770491e+02
6.597782479540e-05,1.521713983722e+05,1.103265901387e+02,1.751325452463e+02,2.780055865578e+02
6.778032999799e-05,1.563289820879e+05,1.077259887825e+02,1.710043479177e+02,2.714524817757e+02
6.963207939764e-05,1.606001660343e+05,1.051866838156e+02,1.669734525419e+02,2.650538342158e+02
7.153441833911e-05,1.649880546191e+05,1.027072304627e+02,1.630375656813e+02,2.588060032728e+02
7.348872892180e-05,1.694958371095e+05,1.002862180025e+02,1.591944479551e+02,2.527054341514e+02
7.549643100390e-05,1.741267899539e+05,9.792226896454e+01,1.554419127654e+02,2.467486558438e+02
7.755898323389e-05,1.788842791660e+05,9.561403834589e+01,1.517778250532e+02,2.409322791549e+02
7.967788411037e-05,1.837717627748e+05,9.336021284567e+01,1.482001000832e+02,2.352529947739e+02
8.185467307069e-05,1.887927933417e+05,9.115951011790e+01,1.447067022581e+02,2.297075713913e+02
8.409093160944e-05,1.939510205463e+05,8.901067804182e+01,1.412956439600e+02,2.242928538606e+02
8.638828442740e-05,1.992501938431e+05,8.691249400955e+01,1.379649844199e+02,2.190057614030e+02
8.874840061199e-05,2.046941651912e+05,8.486376423040e+01,1.347128286133e+02,2.138432858544e+02
9.117299484985e-05,2.102868918582e+05,8.286332305168e+01,1.315373261818e+02,2.088024899541e+02
9.366382867262e-05,2.160324393016e+05,8.091003229545e+01,1.284366703806e+02,2.038805056734e+02
9.622271173675e-05,2.219349841289e+05,7.900278061096e+01,1.254090970503e+02,1.990745325840e+02
9.885150313827e-05,2.279988171384e+05,7.714048284231e+01,1.224528836132e+02,1.943818362642e+02
1.015521127635e-04,2.342283464442e+05,7.532207941103e+01,1.195663480935e+02,1.897997467436e+02
1.043265026764e-04,2.406281006857e+05,7.354653571320e+01,1.167478481597e+02,1.853256569838e+02
1.071766885446e-04,2.472027323261e+05,7.181284153083e+01,1.139957801909e+02,1.809570213949e+02
1.101047411031e-04,2.539570210410e+05,7.012001045703e+01,1.113085783635e+02,1.766913543873e+02
1.131127876594e-04,2.608958771994e+05,6.846707933483e+01,1.086847137613e+02,1.725262289576e+02
1.162030136386e-04,2.680243454408e+05,6.685310770911e+01,1.061226935048e+02,1.684592753072e+02
1.193776641714e-04,2.753476083497e+05,6.527717729157e+01,1.036210599021e+02,1.644881794947e+02
1.226390457252e-04,2.828709902320e+05,6.373839143819e+01,1.011783896197e+02,1.606106821188e+02
1.259895277795e-04,2.905999609933e+05,6.223587463914e+01,9.879329287234e+01,1.568245770329e+02
1.294315445480e-04,2.985401401253e+05,6.076877202058e+01,9.646441263229e+01,1.531277100900e+02
1.329675967466e-04,3.066973007999e+05,5.933624885830e+01,9.419042385751e+01,1.495179779167e+02
1.366002534105e-04,3.150773740771e+05,5.793749010275e+01,9.197003273750e+01,1.459933267171e+02
1.403321537605e-04,3.236864532274e+05,5.657169991536e+01,8.980197595727e+01,1.425517511034e+02
1.441660091207e-04,3.325307981728e+05,5.523810121568e+01,8.768501997850e+01,1.391912929557e+02
1.481046048881e-04,3.416168400502e+05,5.393593523927e+01,8.561796033770e+01,1.359100403074e+02
1.521508025563e-04,3.509511858999e+05,5.266446110597e+01,8.359962096095e+01,1.327061262576e+02
1.563075417946e-04,3.605406234823e+05,5.142295539838e+01,8.162885349471e+01,1.295777279085e+02
1.605778425837e-04,3.703921262272e+05,5.021071175027e+01,7.970453665245e+01,1.265230653287e+02
1.649648074098e-04,3.805128583192e+05,4.902704044462e+01,7.782557557668e+01,1.235404005405e+02
1.694716235184e-04,3.909101799223e+05,4.787126802128e+01,7.599090121602e+01,1.206280365303e+02
1.741015652304e-04,4.015916525479e+05,4.674273689369e+01,7.419946971692e+01,1.177843162841e+02
1.788579963204e-04,4.125650445712e+05,4.564080497484e+01,7.245026182973e+01,1.150076218439e+02
1.837443724611e-04,4.238383368976e+05,4.456484531185e+01,7.074228232883e+01,1.122963733874e+02
1.887642437335e-04,4.354197287862e+05,4.351424572933e+01,6.907455944634e+01,1.096490283294e+02
1.939212572066e-04,4.473176438325e+05,4.248840848100e+01,6.744614431920e+01,1.070640804435e+02
1.992191595866e-04,4.595407361157e+05,4.148674990966e+01,6.585611044933e+01,1.045400590058e+02
2.046617999392e-04,4.720978965150e+05,4.050870011504e+01,6.430355317647e+01,1.020755279576e+02
2.102531324863e-04,4.849982591997e+05,3.955370262959e+01,6.278758916345e+01,9.966908508861e+01
2.159972194783e-04,4.982512082974e+05,3.862121410187e+01,6.130735589359e+01,9.731936123888e+01
2.218982341459e-04,5.118663847459e+05,3.771070398736e+01,5.986201118000e+01,9.502501952006e+01
2.279604637319e-04,5.258536933335e+05,3.682165424664e+01,5.845073268632e+01,9.278475455458e+01
2.341883126059e-04,5.402233099328e+05,3.595355905061e+01,5.707271745893e+01,9.059729173299e+01
2.405863054644e-04,5.549856889338e+05,3.510592449270e+01,5.572718147003e+01,8.846138648875e+01
2.471590906179e-04,5.701515708812e+05,3.427826830787e+01,5.441335917156e+01,8.637582359006e+01
2.539114433680e-04,5.857319903226e+05,3.347011959818e+01,5.313050305966e+01,8.433941644850e+01
2.608482694772e-04,6.017382838719e+05,3.268101856491e+01,5.187788324932e+01,8.235100644386e+01
2.679746087326e-04,6.181820984955e+05,3.191051624688e+01,5.065478705915e+01,8.040946226492e+01
2.752956386074e-04,6.350754000261e+05,3.115817426510e+01,4.946051860583e+01,7.851367926578e+01
2.828166780230e-04,6.524304819121e+05,3.042356457325e+01,4.829439840820e+01,7.666257883734e+01
2.905431912128e-04,6.702599742064e+05,2.970626921420e+01,4.715576300067e+01,7.485510779363e+01
2.984807916924e-04,6.885768528048e+05,2.900588008218e+01,4.604396455572e+01,7.309023777253e+01
3.066352463379e-04,7.073944489379e+05,2.832199869058e+01,4.495837051527e+01,7.136696465072e+01
3.150124795755e-04,7.267264589249e+05,2.765423594524e+01,4.389836323085e+01,6.968430797234e+01
3.236185776862e-04,7.465869541970e+05,2.700221192304e+01,4.286333961210e+01,6.804131039112e+01
3.324597932271e-04,7.669903915970e+05,2.636555565576e+01,4.185271078368e+01,6.643703712573e+01
3.415425495745e-04,7.879516239627e+05,2.574390491900e+01,4.086590175019e+01,6.487057542787e+01
3.508734455903e-04,8.094859110033e+05,2.513690602608e+01,3.990235106902e+01,6.334103406297e+01
3.604592604165e-04,8.316089304757e+05,2.454421362682e+01,3.896151053095e+01,6.184754280310e+01
3.703069584005e-04,8.543367896692e+05,2.396549051104e+01,3.804284484815e+01,6.038925193182e+01
3.804236941544e-04,8.776860372083e+05,2.340040741668e+01,3.714583134972e+01,5.896533176077e+01
3.908168177536e-04,9.016736751807e+05,2.284864284248e+01,3.626995968420e+01,5.757497215754e+01
4.014938800764e-04,9.263171716016e+05,2.230988286507e+01,3.541473152929e+01,5.621738208477e+01
4.124626382901e-04,9.516344732221e+05,2.178382096030e+01,3.457966030827e+01,5.489178915005e+01
4.237310614869e-04,9.776440186919e+05,2.127015782891e+01,3.376427091315e+01,5.359743916647e+01
4.353073364732e-04,1.004364752086e+06,2.076860122620e+01,3.296809943438e+01,5.233359572352e+01
4.471998737181e-04,1.031816136809e+06,2.027886579573e+01,3.219069289686e+01,5.109953976806e+01
4.594173134636e-04,1.060018169875e+06,1.980067290701e+01,3.143160900226e+01,4.989456919524e+01
4.719685320018e-04,1.088991396600e+06,1.933375049693e+01,3.069041587732e+01,4.871799844900e+01
4.848626481239e-04,1.118756925681e+06,1.887783291500e+01,2.996669182814e+01,4.756915813200e+01
4.981090297453e-04,1.149336444711e+06,1.843266077215e+01,2.926002510028e+01,4.644739462481e+01
5.117173007115e-04,1.180752236113e+06,1.799798079321e+01,2.857001364444e+01,4.535206971394e+01
5.256973477902e-04,1.213027193520e+06,1.757354567275e+01,2.789626488774e+01,4.428256022878e+01
5.400593278542e-04,1.246184838610e+06,1.715911393441e+01,2.723839551033e+01,4.323825768703e+01
5.548136752609e-04,1.280249338411e+06,1.675444979348e+01,2.659603122732e+01,4.221856794843e+01
5.699711094326e-04,1.315245523079e+06,1.635932302276e+01,2.596880657581e+01,4.122291087680e+01
5.855426426450e-04,1.351198904177e+06,1.597350882155e+01,2.535636470695e+01,4.025072000991e+01
6.015395880275e-04,1.388135693462e+06,1.559678768779e+01,2.475835718292e+01,3.930144223717e+01
6.179735677828e-04,1.426082822189e+06,1.522894529311e+01,2.417444377865e+01,3.837453748498e+01
6.348565216305e-04,1.465067960960e+06,1.486977236094e+01,2.360429228829e+01,3.746947840939e+01
6.522007154819e-04,1.505119540121e+06,1.451906454740e+01,2.304757833613e+01,3.658575009609e+01
6.700187503510e-04,1.546266770726e+06,1.417662232503e+01,2.250398519211e+01,3.572284976743e+01
6.883235715100e-04,1.588539666091e+06,1.384225086932e+01,2.197320359156e+01,3.488028649635e+01
7.071284778943e-04,1.631969063944e+06,1.351575994778e+01,2.145493155926e+01,3.405758092708e+01
7.264471317641e-04,1.676586649194e+06,1.319696381179e+01,2.094887423763e+01,3.325426500236e+01
7.462935686310e-04,1.722424977338e+06,1.288568109085e+01,2.045474371894e+01,3.246988169718e+01
7.666822074546e-04,1.769517498524e+06,1.258173468939e+01,1.997225888152e+01,3.170398475871e+01
7.876278611187e-04,1.817898582277e+06,1.228495168606e+01,1.950114522983e+01,3.095613845241e+01
8.091457471930e-04,1.867603542928e+06,1.199516323529e+01,1.904113473822e+01,3.022591731412e+01
8.312514989891e-04,1.918668665748e+06,1.171220447124e+01,1.859196569851e+01,2.951290590797e+01
8.539611769186e-04,1.971131233817e+06,1.143591441401e+01,1.815338257101e+01,2.881669859001e+01
8.772912801613e-04,2.025029555643e+06,1.116613587802e+01,1.772513583919e+01,2.813689927740e+01
9.012587586526e-04,2.080402993562e+06,1.090271538260e+01,1.730698186766e+01,2.747312122311e+01
9.258810253974e-04,2.137291992925e+06,1.064550306467e+01,1.689868276359e+01,2.682498679580e+01
9.511759691219e-04,2.195738112114e+06,1.039435259343e+01,1.650000624134e+01,2.619212726498e+01
9.771619672696e-04,2.255784053399e+06,1.014912108715e+01,1.611072549029e+01,2.557418259126e+01
1.003857899354e-03,2.317473694659e+06,9.909669031849e+00,1.573061904581e+01,2.497080122144e+01
1.031283160672e-03,2.380852122002e+06,9.675860201929e+00,1.535947066324e+01,2.438163988850e+01
1.059457676401e-03,2.445965663298e+06,9.447561582655e+00,1.499706919484e+01,2.380636341633e+01
1.088401916069e-03,2.512861922666e+06,9.224643294484e+00,1.464320846970e+01,2.324464452898e+01
1.118136908429e-03,2.581589815920e+06,9.006978519161e+00,1.429768717637e+01,2.269616366448e+01
1.148684256738e-03,2.652199607035e+06,8.794443427567e+00,1.396030874839e+01,2.216060879300e+01
1.180066154448e-03,2.724742945626e+06,8.586917109262e+00,1.363088125241e+01,2.163767523932e+01
1.212305401338e-03,2.799272905498e+06,8.384281503692e+00,1.330921727896e+01,2.112706550949e+01
1.245425420069e-03,2.875844024285e+06,8.186421333019e+00,1.299513383589e+01,2.062848912156e+01
1.279450273208e-03,2.954512344212e+06,7.993224036524e+00,1.268845224420e+01,2.014166244029e+01
1.314404680709e-03,3.035335454013e+06,7.804579706574e+00,1.238899803638e+01,1.966630851579e+01
1.350314037870e-03,3.118372532043e+06,7.620381026077e+00,1.209660085719e+01,1.920215692595e+01
1.387204433786e-03,3.203684390610e+06,7.440523207431e+00,1.181109436667e+01,1.874894362255e+01
1.425102670303e-03,3.291333521577e+06,7.264903932899e+00,1.153231614553e+01,1.830641078105e+01
1.464036281489e-03,3.381384143250e+06,7.093423296394e+00,1.126010760275e+01,1.787430665388e+01
1.504033553638e-03,3.473902248622e+06,6.925983746635e+00,1.099431388532e+01,1.745238542723e+01
1.545123545824e-03,3.568955654974e+06,6.762490031646e+00,1.073478379016e+01,1.704040708115e+01
1.587336111010e-03,3.666614054912e+06,6.602849144558e+00,1.048136967806e+01,1.663813725302e+01
1.630701917737e-03,3.766949068853e+06,6.446970270692e+00,1.023392738970e+01,1.624534710418e+01
1.675252472408e-03,3.870034299019e+06,6.294764735889e+00,9.992316163643e+00,1.586181318977e+01
1.721020142175e-03,3.975945384983e+06,6.146145956057e+00,9.756398556195e+00,1.548731733152e+01
1.768038178457e-03,4.084760060804e+06,6.001029387907e+00,9.526040363255e+00,1.512164649372e+01
1.816340741098e-03,4.196558213812e+06,5.859332480850e+00,9.301110543932e+00,1.476459266191e+01
1.865962923182e-03,4.311421945084e+06,5.720974630030e+00,9.081481145994e+00,1.441595272458e+01
1.916940776533e-03,4.429435631660e+06,5.585877130463e+00,8.867027233063e+00,1.407552835759e+01
1.969311337907e-03,4.550685990565e+06,5.453963132254e+00,8.657626813536e+00,1.374312591135e+01
2.023112655897e-03,4.675262144678e+06,5.325157596872e+00,8.453160771171e+00,1.341855630061e+01
2.078383818580e-03,4.803255690503e+06,5.199387254458e+00,8.253512797317e+00,1.310163489689e+01
2.135164981911e-03,4.934760767919e+06,5.076580562136e+00,8.058569324735e+00,1.279218142344e+01
2.193497398905e-03,5.069874131946e+06,4.956667663305e+00,7.868219462987e+00,1.249001985266e+01
2.253423449600e-03,5.208695226605e+06,4.839580347897e+00,7.682354935336e+00,1.219497830594e+01
2.314986671851e-03,5.351326260928e+06,4.725252013563e+00,7.500870017145e+00,1.190688895589e+01
2.378231792964e-03,5.497872287190e+06,4.613617627785e+00,7.323661475725e+00,1.162558793082e+01
2.443204762186e-03,5.648441281430e+06,4.504613690866e+00,7.150628511591e+00,1.135091522153e+01
2.509952784094e-03,5.803144226324e+06,4.398178199808e+00,6.981672701120e+00,1.108271459025e+01
2.578524352884e-03,5.962095196498e+06,4.294250613033e+00,6.816697940543e+00,1.082083348177e+01
2.648969287611e-03,6.125411446347e+06,4.192771815932e+00,6.655610391273e+00,1.056512293660e+01
2.721338768375e-03,6.293213500442e+06,4.093684087237e+00,6.498318426505e+00,1.031543750626e+01
2.795685373515e-03,6.465625246601e+06,3.996931066177e+00,6.344732579093e+00,1.007163517051e+01
2.872063117798e-03,6.642774031718e+06,3.902457720409e+00,6.194765490638e+00,9.833577256535e+00
2.950527491670e-03,6.824790760427e+06,3.810210314708e+00,6.048331861788e+00,9.601128360056e+00
3.031135501568e-03,7.011809996701e+06,3.720136380397e+00,5.905348403707e+00,9.374156268283e+00
3.113945711336e-03,7.203970068467e+06,3.632184685485e+00,5.765733790681e+00,9.152531884696e+00
3.199018284775e-03,7.401413175344e+06,3.546305205527e+00,5.629408613853e+00,8.936129155589e+00
3.286415029354e-03,7.604285499601e+06,3.462449095156e+00,5.496295336037e+00,8.724824998353e+00
3.376199441111e-03,7.812737320438e+06,3.380568660296e+00,5.366318247605e+00,8.518499231444e+00
3.468436750790e-03,8.026923131696e+06,3.300617331021e+00,5.239403423407e+00,8.317034506003e+00
3.563193971229e-03,8.247001763109e+06,3.222549635062e+00,5.115478680717e+00,8.120316239091e+00
3.660539946045e-03,8.473136505213e+06,3.146321171932e+00,4.994473538155e+00,7.928232548494e+00
3.760545399658e-03,8.705495238031e+06,3.071888587667e+00,4.876319175591e+00,7.740674189066e+00
3.863282988666e-03,8.944250563661e+06,2.999209550155e+00,4.760948394990e+00,7.557534490573e+00
3.968827354637e-03,9.189579942887e+06,2.928242725056e+00,4.648295582172e+00,7.378709296998e+00
4.077255178336e-03,9.441665835959e+06,2.858947752276e+00,4.538296669485e+00,7.204096907285e+00
4.188645235435e-03,9.700695847665e+06,2.791285223013e+00,4.430889099354e+00,7.033598017469e+00
4.303078453749e-03,9.966862876856e+06,2.725216657327e+00,4.326011788683e+00,6.867115664182e+00
4.420637972029e-03,1.024036527055e+07,2.660704482251e+00,4.223605094102e+00,6.704555169476e+00
4.541409200363e-03,1.052140698281e+07,2.597712010411e+00,4.123610778037e+00,6.545824086963e+00
4.665479882234e-03,1.081019773848e+07,2.536203419152e+00,4.025971975567e+00,6.390832149210e+00
4.792940158265e-03,1.110695320204e+07,2.476143730158e+00,3.930633162077e+00,6.239491216383e+00
4.923882631707e-03,1.141189515171e+07,2.417498789549e+00,3.837540121663e+00,6.091715226098e+00
5.058402435719e-03,1.172525165893e+07,2.360235248450e+00,3.746639916283e+00,5.947420144453e+00
5.196597302486e-03,1.204725727351e+07,2.304320544015e+00,3.657880855642e+00,5.806523918220e+00
5.338567634224e-03,1.237815321455e+07,2.249722880900e+00,3.571212467778e+00,5.668946428152e+00
5.484416576121e-03,1.271818756739e+07,2.196411213175e+00,3.486585470348e+00,5.534609443408e+00
5.634250091280e-03,1.306761548676e+07,2.144355226656e+00,3.403951742587e+00,5.403436577031e+00
5.788177037701e-03,1.342669940639e+07,2.093525321661e+00,3.323264297927e+00,5.275353242497e+00
5.946309247369e-03,1.379570925526e+07,2.043892596168e+00,3.244477257266e+00,5.150286611272e+00
6.108761607505e-03,1.417492268077e+07,1.995428829368e+00,3.167545822866e+00,5.028165571376e+00
6.275652144031e-03,1.456462527903e+07,1.948106465613e+00,3.092426252860e+00,4.908920686924e+00
6.447102107324e-03,1.496511083260e+07,1.901898598733e+00,3.019075836366e+00,4.792484158619e+00
6.623236060302e-03,1.537668155584e+07,1.856778956731e+00,2.947452869188e+00,4.678789785176e+00
6.804181968927e-03,1.579964834824e+07,1.812721886835e+00,2.877516630087e+00,4.567772925657e+00
6.990071295173e-03,1.623433105600e+07,1.769702340898e+00,2.809227357612e+00,4.459370462691e+00
7.181039092537e-03,1.668105874210e+07,1.727695861153e+00,2.742546227475e+00,4.353520766566e+00
7.377224104160e-03,1.714016996524e+07,1.686678566293e+00,2.677435330466e+00,4.250163660158e+00
7.578768863626e-03,1.761201306800e+07,1.646627137885e+00,2.613857650878e+00,4.149240384699e+00
7.785819798517e-03,1.809694647448e+07,1.607518807103e+00,2.551777045453e+00,4.050693566341e+00
7.998527336797e-03,1.859533899780e+07,1.569331341770e+00,2.491158222813e+00,3.954467183512e+00
8.217046016101e-03,1.910757015788e+07,1.532043033716e+00,2.431966723381e+00,3.860506535047e+00
8.441534596013e-03,1.963403050986e+07,1.495632686418e+00,2.374168899779e+00,3.768758209059e+00
8.672156173405e-03,2.017512198357e+07,1.460079602948e+00,2.317731897677e+00,3.679170052552e+00
8.909078300934e-03,2.073125823442e+07,1.425363574190e+00,2.262623637106e+00,3.591691141750e+00
9.152473108774e-03,2.130286500622e+07,1.391464867347e+00,2.208812794204e+00,3.506271753120e+00
9.402517429670e-03,2.189038050643e+07,1.358364214713e+00,2.156268783392e+00,3.422863335082e+00
9.659392927415e-03,2.249425579418e+07,1.326042802708e+00,2.104961739974e+00,3.341418480387e+00
9.923286228833e-03,2.311495518168e+07,1.294482261175e+00,2.054862503144e+00,3.261890899140e+00
1.019438905936e-02,2.375295664955e+07,1.263664652929e+00,2.005942599395e+00,3.184235392468e+00
1.047289838236e-02,2.440875227656e+07,1.233572463551e+00,1.958174226320e+00,3.108407826798e+00
1.075901654220e-02,2.508284868437e+07,1.204188591422e+00,1.911530236791e+00,3.034365108752e+00
1.105295141126e-02,2.577576749796e+07,1.175496337993e+00,1.865984123515e+00,2.962065160624e+00
1.135491654098e-02,2.648804582228e+07,1.147479398286e+00,1.821510003950e+00,2.891466896442e+00
1.166513131698e-02,2.722023673579e+07,1.120121851614e+00,1.778082605584e+00,2.822530198591e+00
1.198382111849e-02,2.797290980174e+07,1.093408152525e+00,1.735677251550e+00,2.755215894987e+00
1.231121748204e-02,2.874665159765e+07,1.067323121959e+00,1.694269846588e+00,2.689485736791e+00
1.264755826973e-02,2.954206626404e+07,1.041851938605e+00,1.653836863337e+00,2.625302376645e+00
1.299308784200e-02,3.035977607300e+07,1.016980130476e+00,1.614355328949e+00,2.562629347424e+00
1.334805723521e-02,3.120042201757e+07,9.926935666706e-01,1.575802812015e+00,2.501431041487e+00
1.371272434398e-02,3.206466442272e+07,9.689784493328e-01,1.538157409805e+00,2.441672690418e+00
1.408735410858e-02,3.295318357900e+07,9.458213058041e-01,1.501397735807e+00,2.383320345243e+00
1.447221870741e-02,3.386668039960e+07,9.232089809563e-01,1.465502907557e+00,2.326340857118e+00
1.486759775475e-02,3.480587710215e+07,9.011286297071e-01,1.430452534756e+00,2.270701858462e+00
1.527377850391e-02,3.577151791603e+07,8.795677097116e-01,1.396226707673e+00,2.216371744547e+00
1.569105605590e-02,3.676436981658e+07,8.585139742265e-01,1.362805985816e+00,2.163319655514e+00
1.611973357388e-02,3.778522328718e+07,8.379554651418e-01,1.330171386869e+00,2.111515458813e+00
1.656012250337e-02,3.883489311071e+07,8.178805061773e-01,1.298304375890e+00,2.060929732063e+00
1.701254279853e-02,3.991421919136e+07,7.982776962392e-01,1.267186854773e+00,2.011533746307e+00
1.747732315464e-02,4.102406740859e+07,7.791359029333e-01,1.236801151943e+00,1.963299449669e+00
1.795480124688e-02,4.216533050433e+07,7.604442562309e-01,1.207130012304e+00,1.916199451394e+00
1.844532397568e-02,4.333892900517e+07,7.421921422842e-01,1.178156587424e+00,1.870207006261e+00
1.894924771874e-02,4.454581218119e+07,7.243691973876e-01,1.149864425946e+00,1.825295999368e+00
1.946693858994e-02,4.578695904296e+07,7.069653020809e-01,1.122237464228e+00,1.781440931274e+00
1.999877270535e-02,4.706337937866e+07,6.899705753918e-01,1.095260017204e+00,1.738616903488e+00
2.054513645649e-02,4.837611483326e+07,6.733753692137e-01,1.068916769459e+00,1.696799604306e+00
2.110642679102e-02,4.972624003160e+07,6.571702628166e-01,1.043192766517e+00,1.655965294975e+00
2.168305150117e-02,5.111486374768e+07,6.413460574870e-01,1.018073406331e+00,1.616090796190e+00
2.227542952000e-02,5.254313012229e+07,6.258937712937e-01,9.935444309719e-01,1.577153474902e+00
2.288399122576e-02,5.401221993139e+07,6.108046339777e-01,9.695919185232e-01,1.539131231444e+00
2.350917875457e-02,5.552335190779e+07,5.960700819622e-01,9.462022751536e-01,1.502002486954e+00
2.415144632167e-02,5.707778411866e+07,5.816817534802e-01,9.233622273852e-01,1.465746171099e+00
2.481126055138e-02,5.867681540188e+07,5.676314838166e-01,9.010588145407e-01,1.430341710087e+00
2.548910081613e-02,6.032178686397e+07,5.539113006629e-01,8.792793813693e-01,1.395769014960e+00
2.618545958474e-02,6.201408344299e+07,5.405134195813e-01,8.580115708462e-01,1.362008470162e+00
2.690084278024e-02,6.375513553950e+07,5.274302395752e-01,8.372433171416e-01,1.329040922384e+00
2.763577014736e-02,6.554642071933e+07,5.146543387649e-01,8.169628387554e-01,1.296847669659e+00
2.839077563023e-02,6.738946549184e+07,5.021784701640e-01,7.971586318142e-01,1.265410450727e+00
2.916640776024e-02,6.928584716755e+07,4.899955575568e-01,7.778194635255e-01,1.234711434642e+00
2.996323005457e-02,7.123719579955e+07,4.780986914714e-01,7.589343657864e-01,1.204733210624e+00
3.078182142565e-02,7.324519621302e+07,4.664811252488e-01,7.404926289432e-01,1.175458778159e+00
3.162277660168e-02,7.531159012776e+07,4.551362712037e-01,7.224837956976e-01,1.146871537320e+00
