z_m,Z_alpha_1e-05,Z_alpha_0.01
-1.000000000000e-01,1.537500000000e+06,1.537500000000e+06
-9.950000000000e-02,1.537500000000e+06,1.537500000000e+06
-9.900000000000e-02,1.537500000000e+06,1.537500000000e+06
-9.850000000000e-02,1.537500000000e+06,1.537500000000e+06
-9.800000000000e-02,1.537500000000e+06,1.537500000000e+06
-9.750000000000e-02,1.537500000000e+06,1.537500000000e+06
-9.700000000000e-02,1.537500000000e+06,1.537500000000e+06
-9.650000000000e-02,1.537500000000e+06,1.537500000000e+06
-9.600000000000e-02,1.537500000000e+06,1.537500000000e+06
-9.550000000000e-02,1.537500000000e+06,1.537500000000e+06
-9.500000000000e-02,1.537500000000e+06,1.537500000000e+06
-9.450000000000e-02,1.537500000000e+06,1.537500000000e+06
-9.400000000000e-02,1.537500000000e+06,1.537500000000e+06
-9.350000000000e-02,1.537500000000e+06,1.537500000000e+06
-9.300000000000e-02,1.537500000000e+06,1.537500000000e+06
-9.250000000000e-02,1.537500000000e+06,1.537500000000e+06
-9.200000000000e-02,1.537500000000e+06,1.537500000000e+06
-9.150000000000e-02,1.537500000000e+06,1.537500000000e+06
-9.100000000000e-02,1.537500000000e+06,1.537500000000e+06
-9.050000000000e-02,1.537500000000e+06,1.537500000000e+06
-9.000000000000e-02,1.537500000000e+06,1.537500000000e+06
-8.950000000000e-02,1.537500000000e+06,1.537500000000e+06
-8.900000000000e-02,1.537500000000e+06,1.537500000000e+06
-8.850000000000e-02,1.537500000000e+06,1.537500000000e+06
-8.800000000000e-02,1.537500000000e+06,1.537500000000e+06
-8.750000000000e-02,1.537500000000e+06,1.537500000000e+06
-8.700000000000e-02,1.537500000000e+06,1.537500000000e+06
-8.650000000000e-02,1.537500000000e+06,1.537500000000e+06
-8.600000000000e-02,1.537500000000e+06,1.537500000000e+06
-8.550000000000e-02,1.537500000000e+06,1.537500000000e+06
-8.500000000000e-02,1.537500000000e+06,1.537500000000e+06
-8.450000000000e-02,1.537500000000e+06,1.537500000000e+06
-8.400000000000e-02,1.537500000000e+06,1.537500000000e+06
-8.350000000000e-02,1.537500000000e+06,1.537500000000e+06
-8.300000000000e-02,1.537500000000e+06,1.537500000000e+06
-8.250000000000e-02,1.537500000000e+06,1.537500000000e+06
-8.200000000000e-02,1.537500000000e+06,1.537500000000e+06
-8.150000000000e-02,1.537500000000e+06,1.537500000000e+06
-8.100000000000e-02,1.537500000000e+06,1.537500000000e+06
-8.050000000000e-02,1.537500000000e+06,1.537500000000e+06
-8.000000000000e-02,1.537500000000e+06,1.537500000000e+06
-7.950000000000e-02,1.537500000000e+06,1.537500000000e+06
-7.900000000000e-02,1.537500000000e+06,1.537500000000e+06
-7.850000000000e-02,1.537500000000e+06,1.537500000000e+06
-7.800000000000e-02,1.537500000000e+06,1.537500000000e+06
-7.750000000000e-02,1.537500000000e+06,1.537500000000e+06
-7.700000000000e-02,1.537500000000e+06,1.537500000000e+06
-7.650000000000e-02,1.537500000000e+06,1.537500000000e+06
-7.600000000000e-02,1.537500000000e+06,1.537500000000e+06
-7.550000000000e-02,1.537500000000e+06,1.537500000000e+06
-7.500000000000e-02,1.537500000000e+06,1.537500000000e+06
-7.450000000000e-02,1.537500000000e+06,1.537500000000e+06
-7.400000000000e-02,1.537500000000e+06,1.537500000000e+06
-7.350000000000e-02,1.537500000000e+06,1.537500000000e+06
-7.300000000000e-02,1.537500000000e+06,1.537500000000e+06
-7.250000000000e-02,1.537500000000e+06,1.537500000000e+06
-7.200000000000e-02,1.537500000000e+06,1.537500000000e+06
-7.150000000000e-02,1.537500000000e+06,1.537500000000e+06
-7.100000000000e-02,1.537500000000e+06,1.537500000000e+06
-7.050000000000e-02,1.537500000000e+06,1.537500000000e+06
-7.000000000000e-02,1.537500000000e+06,1.537500000000e+06
-6.950000000000e-02,1.537500000000e+06,1.537500000000e+06
-6.900000000000e-02,1.537500000000e+06,1.537500000000e+06
-6.850000000000e-02,1.537500000000e+06,1.537500000000e+06
-6.800000000000e-02,1.537500000000e+06,1.537500000000e+06
-6.750000000000e-02,1.537500000000e+06,1.537500000000e+06
-6.700000000000e-02,1.537500000000e+06,1.537500000000e+06
-6.650000000000e-02,1.537500000000e+06,1.537500000000e+06
-6.600000000000e-02,1.537500000000e+06,1.537500000000e+06
-6.550000000000e-02,1.537500000000e+06,1.537500000000e+06
-6.500000000000e-02,1.537500000000e+06,1.537500000000e+06
-6.450000000000e-02,1.537500000000e+06,1.537500000000e+06
-6.400000000000e-02,1.537500000000e+06,1.537500000000e+06
-6.350000000000e-02,1.537500000000e+06,1.537500000000e+06
-6.300000000000e-02,1.537500000000e+06,1.537500000000e+06
-6.250000000000e-02,1.537500000000e+06,1.537500000000e+06
-6.200000000000e-02,1.537500000000e+06,1.537500000000e+06
-6.150000000000e-02,1.537500000000e+06,1.537500000000e+06
-6.100000000000e-02,1.537500000000e+06,1.537500000000e+06
-6.050000000000e-02,1.537500000000e+06,1.537500000000e+06
-6.000000000000e-02,1.537500000000e+06,1.537500000000e+06
-5.950000000000e-02,1.537500000000e+06,1.537500000000e+06
-5.900000000000e-02,1.537500000000e+06,1.537500000000e+06
-5.850000000000e-02,1.537500000000e+06,1.537500000000e+06
-5.800000000000e-02,1.537500000000e+06,1.537500000000e+06
-5.750000000000e-02,1.537500000000e+06,1.537500000000e+06
-5.700000000000e-02,1.537500000000e+06,1.537500000000e+06
-5.650000000000e-02,1.537500000000e+06,1.537500000000e+06
-5.600000000000e-02,1.537500000000e+06,1.537500000000e+06
-5.550000000000e-02,1.537500000000e+06,1.537500000000e+06
-5.500000000000e-02,1.537500000000e+06,1.537500000000e+06
-5.450000000000e-02,1.537500000000e+06,1.537500000000e+06
-5.400000000000e-02,1.537500000000e+06,1.537500000000e+06
-5.350000000000e-02,1.537500000000e+06,1.537500000000e+06
-5.300000000000e-02,1.537500000000e+06,1.537500000000e+06
-5.250000000000e-02,1.537500000000e+06,1.537500000000e+06
-5.200000000000e-02,1.537500000000e+06,1.537500000000e+06
-5.150000000000e-02,1.537500000000e+06,1.537500000000e+06
-5.100000000000e-02,1.537500000000e+06,1.537500000000e+06
-5.050000000000e-02,1.537500000000e+06,1.537500000000e+06
-5.000000000000e-02,1.537500000000e+06,1.537500000000e+06
-4.950000000000e-02,1.537500000000e+06,1.537500000000e+06
-4.900000000000e-02,1.537500000000e+06,1.537500000000e+06
-4.850000000000e-02,1.537500000000e+06,1.537500000000e+06
-4.800000000000e-02,1.537500000000e+06,1.537500000000e+06
-4.750000000000e-02,1.537500000000e+06,1.537500000000e+06
-4.700000000000e-02,1.537500000000e+06,1.537500000000e+06
-4.650000000000e-02,1.537500000000e+06,1.537500000000e+06
-4.600000000000e-02,1.537500000000e+06,1.537500000000e+06
-4.550000000000e-02,1.537500000000e+06,1.537500000000e+06
-4.500000000000e-02,1.537500000000e+06,1.537500000000e+06
-4.450000000000e-02,1.537500000000e+06,1.537500000000e+06
-4.400000000000e-02,1.537500000000e+06,1.537500000000e+06
-4.350000000000e-02,1.537500000000e+06,1.537500000000e+06
-4.300000000000e-02,1.537500000000e+06,1.537500000000e+06
-4.250000000000e-02,1.537500000000e+06,1.537500000000e+06
-4.200000000000e-02,1.537500000000e+06,1.537500000000e+06
-4.150000000000e-02,1.537500000000e+06,1.537500000000e+06
-4.100000000000e-02,1.537500000000e+06,1.537500000000e+06
-4.050000000000e-02,1.537500000000e+06,1.537500000000e+06
-4.000000000000e-02,1.537500000000e+06,1.537500000000e+06
-3.950000000000e-02,1.537500000000e+06,1.537500000000e+06
-3.900000000000e-02,1.537500000000e+06,1.537500000000e+06
-3.850000000000e-02,1.537500000000e+06,1.537500000000e+06
-3.800000000000e-02,1.537500000000e+06,1.537500000000e+06
-3.750000000000e-02,1.537500000000e+06,1.537500000000e+06
-3.700000000000e-02,1.537500000000e+06,1.537500000000e+06
-3.650000000000e-02,1.537500000000e+06,1.537500000000e+06
-3.600000000000e-02,1.537500000000e+06,1.537500000000e+06
-3.550000000000e-02,1.537500000000e+06,1.537500000000e+06
-3.500000000000e-02,1.537500000000e+06,1.537500000000e+06
-3.450000000000e-02,1.537500000000e+06,1.537500000000e+06
-3.400000000000e-02,1.537500000000e+06,1.537500000000e+06
-3.350000000000e-02,1.537500000000e+06,1.537500000000e+06
-3.300000000000e-02,1.537500000000e+06,1.537500000000e+06
-3.250000000000e-02,1.537500000000e+06,1.537500000000e+06
-3.200000000000e-02,1.537500000000e+06,1.537500000000e+06
-3.150000000000e-02,1.537500000000e+06,1.537500000000e+06
-3.100000000000e-02,1.537500000000e+06,1.537500000000e+06
-3.050000000000e-02,1.537500000000e+06,1.537500000000e+06
-3.000000000000e-02,1.537500000000e+06,1.537500000000e+06
-2.950000000000e-02,1.537500000000e+06,1.537500000000e+06
-2.900000000000e-02,1.537500000000e+06,1.537500000000e+06
-2.850000000000e-02,1.537500000000e+06,1.537500000000e+06
-2.800000000000e-02,1.537500000000e+06,1.537500000000e+06
-2.750000000000e-02,1.537500000000e+06,1.537500000000e+06
-2.700000000000e-02,1.537500000000e+06,1.537500000000e+06
-2.650000000000e-02,1.537500000000e+06,1.537500000000e+06
-2.600000000000e-02,1.537500000000e+06,1.537500000000e+06
-2.550000000000e-02,1.537500000000e+06,1.537500000000e+06
-2.500000000000e-02,1.537500000000e+06,1.537500000000e+06
-2.450000000000e-02,1.537500000000e+06,1.537500000000e+06
-2.400000000000e-02,1.537500000000e+06,1.537500000000e+06
-2.350000000000e-02,1.537500000000e+06,1.537500000000e+06
-2.300000000000e-02,1.537500000000e+06,1.537500000000e+06
-2.250000000000e-02,1.537500000000e+06,1.537500000000e+06
-2.200000000000e-02,1.537500000000e+06,1.537500000000e+06
-2.150000000000e-02,1.537500000000e+06,1.537500000000e+06
-2.100000000000e-02,1.537500000000e+06,1.537500000000e+06
-2.050000000000e-02,1.537500000000e+06,1.537500000000e+06
-2.000000000000e-02,1.537500000000e+06,1.537500000000e+06
-1.950000000000e-02,1.537500000000e+06,1.537500000000e+06
-1.900000000000e-02,1.537500000000e+06,1.537500000000e+06
-1.850000000000e-02,1.537500000000e+06,1.537500000000e+06
-1.800000000000e-02,1.537500000000e+06,1.537500000000e+06
-1.750000000000e-02,1.537500000000e+06,1.537500000000e+06
-1.700000000000e-02,1.537500000000e+06,1.537500000000e+06
-1.650000000000e-02,1.537500000000e+06,1.537500000000e+06
-1.600000000000e-02,1.537500000000e+06,1.537500000000e+06
-1.550000000000e-02,1.537500000000e+06,1.537500000000e+06
-1.500000000000e-02,1.537500000000e+06,1.537500000000e+06
-1.450000000000e-02,1.537500000000e+06,1.537500000000e+06
-1.400000000000e-02,1.537500000000e+06,1.537500000000e+06
-1.350000000000e-02,1.537500000000e+06,1.537500000000e+06
-1.300000000000e-02,1.537500000000e+06,1.537500000000e+06
-1.250000000000e-02,1.537500000000e+06,1.537500000000e+06
-1.200000000000e-02,1.537500000000e+06,1.537500000000e+06
-1.150000000000e-02,1.537500000000e+06,1.537500000000e+06
-1.100000000000e-02,1.537500000000e+06,1.537500000000e+06
-1.050000000000e-02,1.537500000000e+06,1.537500000000e+06
-1.000000000000e-02,1.537500000000e+06,1.537500000000e+06
-9.500000000000e-03,1.537500000000e+06,1.537500000000e+06
-9.000000000000e-03,1.537500000000e+06,1.537500000000e+06
-8.500000000000e-03,1.537500000000e+06,1.537500000000e+06
-8.000000000000e-03,1.537500000000e+06,1.537500000000e+06
-7.500000000000e-03,1.537500000000e+06,1.537500000000e+06
-7.000000000000e-03,1.537500000000e+06,1.537500000000e+06
-6.500000000000e-03,1.537500000000e+06,1.537500000000e+06
-6.000000000000e-03,1.537500000000e+06,1.537500000000e+06
-5.500000000000e-03,1.537500000000e+06,1.537500000000e+06
-5.000000000000e-03,1.537500000000e+06,1.537500000000e+06
-4.500000000000e-03,1.537500000000e+06,1.537500000000e+06
-4.000000000000e-03,1.537500000000e+06,1.537500000000e+06
-3.500000000000e-03,1.537500000000e+06,1.537500000000e+06
-3.000000000000e-03,1.537500000000e+06,1.537500000000e+06
-2.500000000000e-03,1.537500000000e+06,1.537500000000e+06
-2.000000000000e-03,1.537500000000e+06,1.537500000000e+06
-1.500000000000e-03,1.537500000000e+06,1.537500000000e+06
-1.000000000000e-03,1.537500000000e+06,1.537500000000e+06
-5.000000000000e-04,1.537500000000e+06,1.537500000000e+06
0.000000000000e+00,1.534250186099e+06,6.688807726849e+05
5.000000000000e-04,1.534250186099e+06,6.688807726849e+05
1.000000000000e-03,1.534250186099e+06,6.688807726849e+05
1.500000000000e-03,1.534250186099e+06,6.688807726849e+05
2.000000000000e-03,1.534250186099e+06,6.688807726849e+05
2.500000000000e-03,1.534250186099e+06,6.688807726849e+05
3.000000000000e-03,1.534250186099e+06,6.688807726849e+05
3.500000000000e-03,1.534250186099e+06,6.688807726849e+05
4.000000000000e-03,1.534250186099e+06,6.688807726849e+05
4.500000000000e-03,1.534250186099e+06,6.688807726849e+05
5.000000000000e-03,1.534250186099e+06,6.688807726849e+05
5.500000000000e-03,1.534250186099e+06,6.688807726849e+05
6.000000000000e-03,1.534250186099e+06,6.688807726849e+05
6.500000000000e-03,1.534250186099e+06,6.688807726849e+05
7.000000000000e-03,1.534250186099e+06,6.688807726849e+05
7.500000000000e-03,1.534250186099e+06,6.688807726849e+05
8.000000000000e-03,1.534250186099e+06,6.688807726849e+05
8.500000000000e-03,1.534250186099e+06,6.688807726849e+05
9.000000000000e-03,1.534250186099e+06,6.688807726849e+05
9.500000000000e-03,1.534250186099e+06,6.688807726849e+05
1.000000000000e-02,1.534250186099e+06,6.688807726849e+05
1.050000000000e-02,1.534250186099e+06,6.688807726849e+05
1.100000000000e-02,1.534250186099e+06,6.688807726849e+05
1.150000000000e-02,1.534250186099e+06,6.688807726849e+05
1.200000000000e-02,1.534250186099e+06,6.688807726849e+05
1.250000000000e-02,1.534250186099e+06,6.688807726849e+05
1.300000000000e-02,1.534250186099e+06,6.688807726849e+05
1.350000000000e-02,1.534250186099e+06,6.688807726849e+05
1.400000000000e-02,1.534250186099e+06,6.688807726849e+05
1.450000000000e-02,1.534250186099e+06,6.688807726849e+05
1.500000000000e-02,1.534250186099e+06,6.688807726849e+05
1.550000000000e-02,1.534250186099e+06,6.688807726849e+05
1.600000000000e-02,1.534250186099e+06,6.688807726849e+05
1.650000000000e-02,1.534250186099e+06,6.688807726849e+05
1.700000000000e-02,1.534250186099e+06,6.688807726849e+05
1.750000000000e-02,1.534250186099e+06,6.688807726849e+05
1.800000000000e-02,1.534250186099e+06,6.688807726849e+05
1.850000000000e-02,1.534250186099e+06,6.688807726849e+05
1.900000000000e-02,1.534250186099e+06,6.688807726849e+05
1.950000000000e-02,1.534250186099e+06,6.688807726849e+05
2.000000000000e-02,1.534250186099e+06,6.688807726849e+05
2.050000000000e-02,1.534250186099e+06,6.688807726849e+05
2.100000000000e-02,1.534250186099e+06,6.688807726849e+05
2.150000000000e-02,1.534250186099e+06,6.688807726849e+05
2.200000000000e-02,1.534250186099e+06,6.688807726849e+05
2.250000000000e-02,1.534250186099e+06,6.688807726849e+05
2.300000000000e-02,1.534250186099e+06,6.688807726849e+05
2.350000000000e-02,1.534250186099e+06,6.688807726849e+05
2.400000000000e-02,1.534250186099e+06,6.688807726849e+05
2.450000000000e-02,1.534250186099e+06,6.688807726849e+05
2.500000000000e-02,1.534250186099e+06,6.688807726849e+05
2.550000000000e-02,1.534250186099e+06,6.688807726849e+05
2.600000000000e-02,1.534250186099e+06,6.688807726849e+05
2.650000000000e-02,1.534250186099e+06,6.688807726849e+05
2.700000000000e-02,1.534250186099e+06,6.688807726849e+05
2.750000000000e-02,1.534250186099e+06,6.688807726849e+05
2.800000000000e-02,1.534250186099e+06,6.688807726849e+05
2.850000000000e-02,1.534250186099e+06,6.688807726849e+05
2.900000000000e-02,1.534250186099e+06,6.688807726849e+05
2.950000000000e-02,1.534250186099e+06,6.688807726849e+05
3.000000000000e-02,1.534250186099e+06,6.688807726849e+05
3.050000000000e-02,1.534250186099e+06,6.688807726849e+05
3.100000000000e-02,1.534250186099e+06,6.688807726849e+05
3.150000000000e-02,1.534250186099e+06,6.688807726849e+05
3.200000000000e-02,1.534250186099e+06,6.688807726849e+05
3.250000000000e-02,1.534250186099e+06,6.688807726849e+05
3.300000000000e-02,1.534250186099e+06,6.688807726849e+05
3.350000000000e-02,1.534250186099e+06,6.688807726849e+05
3.400000000000e-02,1.534250186099e+06,6.688807726849e+05
3.450000000000e-02,1.534250186099e+06,6.688807726849e+05
3.500000000000e-02,1.534250186099e+06,6.688807726849e+05
3.550000000000e-02,1.534250186099e+06,6.688807726849e+05
3.600000000000e-02,1.534250186099e+06,6.688807726849e+05
3.650000000000e-02,1.534250186099e+06,6.688807726849e+05
3.700000000000e-02,1.534250186099e+06,6.688807726849e+05
3.750000000000e-02,1.534250186099e+06,6.688807726849e+05
3.800000000000e-02,1.534250186099e+06,6.688807726849e+05
3.850000000000e-02,1.534250186099e+06,6.688807726849e+05
3.900000000000e-02,1.534250186099e+06,6.688807726849e+05
3.950000000000e-02,1.534250186099e+06,6.688807726849e+05
4.000000000000e-02,1.534250186099e+06,6.688807726849e+05
4.050000000000e-02,1.534250186099e+06,6.688807726849e+05
4.100000000000e-02,1.534250186099e+06,6.688807726849e+05
4.150000000000e-02,1.534250186099e+06,6.688807726849e+05
4.200000000000e-02,1.534250186099e+06,6.688807726849e+05
4.250000000000e-02,1.534250186099e+06,6.688807726849e+05
4.300000000000e-02,1.534250186099e+06,6.688807726849e+05
4.350000000000e-02,1.534250186099e+06,6.688807726849e+05
4.400000000000e-02,1.534250186099e+06,6.688807726849e+05
4.450000000000e-02,1.534250186099e+06,6.688807726849e+05
4.500000000000e-02,1.534250186099e+06,6.688807726849e+05
4.550000000000e-02,1.534250186099e+06,6.688807726849e+05
4.600000000000e-02,1.534250186099e+06,6.688807726849e+05
4.650000000000e-02,1.534250186099e+06,6.688807726849e+05
4.700000000000e-02,1.534250186099e+06,6.688807726849e+05
4.750000000000e-02,1.534250186099e+06,6.688807726849e+05
4.800000000000e-02,1.534250186099e+06,6.688807726849e+05
4.850000000000e-02,1.534250186099e+06,6.688807726849e+05
4.900000000000e-02,1.534250186099e+06,6.688807726849e+05
4.950000000000e-02,1.534250186099e+06,6.688807726849e+05
5.000000000000e-02,1.534250186099e+06,6.688807726849e+05
5.050000000000e-02,1.534250186099e+06,6.688807726849e+05
5.100000000000e-02,1.534250186099e+06,6.688807726849e+05
5.150000000000e-02,1.534250186099e+06,6.688807726849e+05
5.200000000000e-02,1.534250186099e+06,6.688807726849e+05
5.250000000000e-02,1.534250186099e+06,6.688807726849e+05
5.300000000000e-02,1.534250186099e+06,6.688807726849e+05
5.350000000000e-02,1.534250186099e+06,6.688807726849e+05
5.400000000000e-02,1.534250186099e+06,6.688807726849e+05
5.450000000000e-02,1.534250186099e+06,6.688807726849e+05
5.500000000000e-02,1.534250186099e+06,6.688807726849e+05
5.550000000000e-02,1.534250186099e+06,6.688807726849e+05
5.600000000000e-02,1.534250186099e+06,6.688807726849e+05
5.650000000000e-02,1.534250186099e+06,6.688807726849e+05
5.700000000000e-02,1.534250186099e+06,6.688807726849e+05
5.750000000000e-02,1.534250186099e+06,6.688807726849e+05
5.800000000000e-02,1.534250186099e+06,6.688807726849e+05
5.850000000000e-02,1.534250186099e+06,6.688807726849e+05
5.900000000000e-02,1.534250186099e+06,6.688807726849e+05
5.950000000000e-02,1.534250186099e+06,6.688807726849e+05
6.000000000000e-02,1.534250186099e+06,6.688807726849e+05
6.050000000000e-02,1.534250186099e+06,6.688807726849e+05
6.100000000000e-02,1.534250186099e+06,6.688807726849e+05
6.150000000000e-02,1.534250186099e+06,6.688807726849e+05
6.200000000000e-02,1.534250186099e+06,6.688807726849e+05
6.250000000000e-02,1.534250186099e+06,6.688807726849e+05
6.300000000000e-02,1.534250186099e+06,6.688807726849e+05
6.350000000000e-02,1.534250186099e+06,6.688807726849e+05
6.400000000000e-02,1.534250186099e+06,6.688807726849e+05
6.450000000000e-02,1.534250186099e+06,6.688807726849e+05
6.500000000000e-02,1.534250186099e+06,6.688807726849e+05
6.550000000000e-02,1.534250186099e+06,6.688807726849e+05
6.600000000000e-02,1.534250186099e+06,6.688807726849e+05
6.650000000000e-02,1.534250186099e+06,6.688807726849e+05
6.700000000000e-02,1.534250186099e+06,6.688807726849e+05
6.750000000000e-02,1.534250186099e+06,6.688807726849e+05
6.800000000000e-02,1.534250186099e+06,6.688807726849e+05
6.850000000000e-02,1.534250186099e+06,6.688807726849e+05
6.900000000000e-02,1.534250186099e+06,6.688807726849e+05
6.950000000000e-02,1.534250186099e+06,6.688807726849e+05
7.000000000000e-02,1.534250186099e+06,6.688807726849e+05
7.050000000000e-02,1.534250186099e+06,6.688807726849e+05
7.100000000000e-02,1.534250186099e+06,6.688807726849e+05
7.150000000000e-02,1.534250186099e+06,6.688807726849e+05
7.200000000000e-02,1.534250186099e+06,6.688807726849e+05
7.250000000000e-02,1.534250186099e+06,6.688807726849e+05
7.300000000000e-02,1.534250186099e+06,6.688807726849e+05
7.350000000000e-02,1.534250186099e+06,6.688807726849e+05
7.400000000000e-02,1.534250186099e+06,6.688807726849e+05
7.450000000000e-02,1.534250186099e+06,6.688807726849e+05
7.500000000000e-02,1.534250186099e+06,6.688807726849e+05
7.550000000000e-02,1.534250186099e+06,6.688807726849e+05
7.600000000000e-02,1.534250186099e+06,6.688807726849e+05
7.650000000000e-02,1.534250186099e+06,6.688807726849e+05
7.700000000000e-02,1.534250186099e+06,6.688807726849e+05
7.750000000000e-02,1.534250186099e+06,6.688807726849e+05
7.800000000000e-02,1.534250186099e+06,6.688807726849e+05
7.850000000000e-02,1.534250186099e+06,6.688807726849e+05
7.900000000000e-02,1.534250186099e+06,6.688807726849e+05
7.950000000000e-02,1.534250186099e+06,6.688807726849e+05
8.000000000000e-02,1.534250186099e+06,6.688807726849e+05
8.050000000000e-02,1.534250186099e+06,6.688807726849e+05
8.100000000000e-02,1.534250186099e+06,6.688807726849e+05
8.150000000000e-02,1.534250186099e+06,6.688807726849e+05
8.200000000000e-02,1.534250186099e+06,6.688807726849e+05
8.250000000000e-02,1.534250186099e+06,6.688807726849e+05
8.300000000000e-02,1.534250186099e+06,6.688807726849e+05
8.350000000000e-02,1.534250186099e+06,6.688807726849e+05
8.400000000000e-02,1.534250186099e+06,6.688807726849e+05
8.450000000000e-02,1.534250186099e+06,6.688807726849e+05
8.500000000000e-02,1.534250186099e+06,6.688807726849e+05
8.550000000000e-02,1.534250186099e+06,6.688807726849e+05
8.600000000000e-02,1.534250186099e+06,6.688807726849e+05
8.650000000000e-02,1.534250186099e+06,6.688807726849e+05
8.700000000000e-02,1.534250186099e+06,6.688807726849e+05
8.750000000000e-02,1.534250186099e+06,6.688807726849e+05
8.800000000000e-02,1.534250186099e+06,6.688807726849e+05
8.850000000000e-02,1.534250186099e+06,6.688807726849e+05
8.900000000000e-02,1.534250186099e+06,6.688807726849e+05
8.950000000000e-02,1.534250186099e+06,6.688807726849e+05
9.000000000000e-02,1.534250186099e+06,6.688807726849e+05
9.050000000000e-02,1.534250186099e+06,6.688807726849e+05
9.100000000000e-02,1.534250186099e+06,6.688807726849e+05
9.150000000000e-02,1.534250186099e+06,6.688807726849e+05
9.200000000000e-02,1.534250186099e+06,6.688807726849e+05
9.250000000000e-02,1.534250186099e+06,6.688807726849e+05
9.300000000000e-02,1.534250186099e+06,6.688807726849e+05
9.350000000000e-02,1.534250186099e+06,6.688807726849e+05
9.400000000000e-02,1.534250186099e+06,6.688807726849e+05
9.450000000000e-02,1.534250186099e+06,6.688807726849e+05
9.500000000000e-02,1.534250186099e+06,6.688807726849e+05
9.550000000000e-02,1.534250186099e+06,6.688807726849e+05
9.600000000000e-02,1.534250186099e+06,6.688807726849e+05
9.650000000000e-02,1.534250186099e+06,6.688807726849e+05
9.700000000000e-02,1.534250186099e+06,6.688807726849e+05
9.750000000000e-02,1.534250186099e+06,6.688807726849e+05
9.800000000000e-02,1.534250186099e+06,6.688807726849e+05
9.850000000000e-02,1.534250186099e+06,6.688807726849e+05
9.900000000000e-02,1.534250186099e+06,6.688807726849e+05
9.950000000000e-02,1.534250186099e+06,6.688807726849e+05
1.000000000000e-01,1.534250186099e+06,6.688807726849e+05
1.005000000000e-01,1.534250186099e+06,6.688807726849e+05
1.010000000000e-01,1.534250186099e+06,6.688807726849e+05
1.015000000000e-01,1.534250186099e+06,6.688807726849e+05
1.020000000000e-01,1.534250186099e+06,6.688807726849e+05
1.025000000000e-01,1.534250186099e+06,6.688807726849e+05
1.030000000000e-01,1.534250186099e+06,6.688807726849e+05
1.035000000000e-01,1.534250186099e+06,6.688807726849e+05
1.040000000000e-01,1.534250186099e+06,6.688807726849e+05
1.045000000000e-01,1.534250186099e+06,6.688807726849e+05
1.050000000000e-01,1.534250186099e+06,6.688807726849e+05
1.055000000000e-01,1.534250186099e+06,6.688807726849e+05
1.060000000000e-01,1.534250186099e+06,6.688807726849e+05
1.065000000000e-01,1.534250186099e+06,6.688807726849e+05
1.070000000000e-01,1.534250186099e+06,6.688807726849e+05
1.075000000000e-01,1.534250186099e+06,6.688807726849e+05
1.080000000000e-01,1.534250186099e+06,6.688807726849e+05
1.085000000000e-01,1.534250186099e+06,6.688807726849e+05
1.090000000000e-01,1.534250186099e+06,6.688807726849e+05
1.095000000000e-01,1.534250186099e+06,6.688807726849e+05
1.100000000000e-01,1.534250186099e+06,6.688807726849e+05
1.105000000000e-01,1.534250186099e+06,6.688807726849e+05
1.110000000000e-01,1.534250186099e+06,6.688807726849e+05
1.115000000000e-01,1.534250186099e+06,6.688807726849e+05
1.120000000000e-01,1.534250186099e+06,6.688807726849e+05
1.125000000000e-01,1.534250186099e+06,6.688807726849e+05
1.130000000000e-01,1.534250186099e+06,6.688807726849e+05
1.135000000000e-01,1.534250186099e+06,6.688807726849e+05
1.140000000000e-01,1.534250186099e+06,6.688807726849e+05
1.145000000000e-01,1.534250186099e+06,6.688807726849e+05
1.150000000000e-01,1.534250186099e+06,6.688807726849e+05
1.155000000000e-01,1.534250186099e+06,6.688807726849e+05
1.160000000000e-01,1.534250186099e+06,6.688807726849e+05
1.165000000000e-01,1.534250186099e+06,6.688807726849e+05
1.170000000000e-01,1.534250186099e+06,6.688807726849e+05
1.175000000000e-01,1.534250186099e+06,6.688807726849e+05
1.180000000000e-01,1.534250186099e+06,6.688807726849e+05
1.185000000000e-01,1.534250186099e+06,6.688807726849e+05
1.190000000000e-01,1.534250186099e+06,6.688807726849e+05
1.195000000000e-01,1.534250186099e+06,6.688807726849e+05
1.200000000000e-01,1.534250186099e+06,6.688807726849e+05
1.205000000000e-01,1.534250186099e+06,6.688807726849e+05
1.210000000000e-01,1.534250186099e+06,6.688807726849e+05
1.215000000000e-01,1.534250186099e+06,6.688807726849e+05
1.220000000000e-01,1.534250186099e+06,6.688807726849e+05
1.225000000000e-01,1.534250186099e+06,6.688807726849e+05
1.230000000000e-01,1.534250186099e+06,6.688807726849e+05
1.235000000000e-01,1.534250186099e+06,6.688807726849e+05
1.240000000000e-01,1.534250186099e+06,6.688807726849e+05
1.245000000000e-01,1.534250186099e+06,6.688807726849e+05
1.250000000000e-01,1.534250186099e+06,6.688807726849e+05
1.255000000000e-01,1.534250186099e+06,6.688807726849e+05
1.260000000000e-01,1.534250186099e+06,6.688807726849e+05
1.265000000000e-01,1.534250186099e+06,6.688807726849e+05
1.270000000000e-01,1.534250186099e+06,6.688807726849e+05
1.275000000000e-01,1.534250186099e+06,6.688807726849e+05
1.280000000000e-01,1.534250186099e+06,6.688807726849e+05
1.285000000000e-01,1.534250186099e+06,6.688807726849e+05
1.290000000000e-01,1.534250186099e+06,6.688807726849e+05
1.295000000000e-01,1.534250186099e+06,6.688807726849e+05
1.300000000000e-01,1.534250186099e+06,6.688807726849e+05
1.305000000000e-01,1.534250186099e+06,6.688807726849e+05
1.310000000000e-01,1.534250186099e+06,6.688807726849e+05
1.315000000000e-01,1.534250186099e+06,6.688807726849e+05
1.320000000000e-01,1.534250186099e+06,6.688807726849e+05
1.325000000000e-01,1.534250186099e+06,6.688807726849e+05
1.330000000000e-01,1.534250186099e+06,6.688807726849e+05
1.335000000000e-01,1.534250186099e+06,6.688807726849e+05
1.340000000000e-01,1.534250186099e+06,6.688807726849e+05
1.345000000000e-01,1.534250186099e+06,6.688807726849e+05
1.350000000000e-01,1.534250186099e+06,6.688807726849e+05
1.355000000000e-01,1.534250186099e+06,6.688807726849e+05
1.360000000000e-01,1.534250186099e+06,6.688807726849e+05
1.365000000000e-01,1.534250186099e+06,6.688807726849e+05
1.370000000000e-01,1.534250186099e+06,6.688807726849e+05
1.375000000000e-01,1.534250186099e+06,6.688807726849e+05
1.380000000000e-01,1.534250186099e+06,6.688807726849e+05
1.385000000000e-01,1.534250186099e+06,6.688807726849e+05
1.390000000000e-01,1.534250186099e+06,6.688807726849e+05
1.395000000000e-01,1.534250186099e+06,6.688807726849e+05
1.400000000000e-01,1.534250186099e+06,6.688807726849e+05
1.405000000000e-01,1.534250186099e+06,6.688807726849e+05
1.410000000000e-01,1.534250186099e+06,6.688807726849e+05
1.415000000000e-01,1.534250186099e+06,6.688807726849e+05
1.420000000000e-01,1.534250186099e+06,6.688807726849e+05
1.425000000000e-01,1.534250186099e+06,6.688807726849e+05
1.430000000000e-01,1.534250186099e+06,6.688807726849e+05
1.435000000000e-01,1.534250186099e+06,6.688807726849e+05
1.440000000000e-01,1.534250186099e+06,6.688807726849e+05
1.445000000000e-01,1.534250186099e+06,6.688807726849e+05
1.450000000000e-01,1.534250186099e+06,6.688807726849e+05
1.455000000000e-01,1.534250186099e+06,6.688807726849e+05
1.460000000000e-01,1.534250186099e+06,6.688807726849e+05
1.465000000000e-01,1.534250186099e+06,6.688807726849e+05
1.470000000000e-01,1.534250186099e+06,6.688807726849e+05
1.475000000000e-01,1.534250186099e+06,6.688807726849e+05
1.480000000000e-01,1.534250186099e+06,6.688807726849e+05
1.485000000000e-01,1.534250186099e+06,6.688807726849e+05
1.490000000000e-01,1.534250186099e+06,6.688807726849e+05
1.495000000000e-01,1.534250186099e+06,6.688807726849e+05
1.500000000000e-01,4.800000000000e+06,4.800000000000e+06
1.505000000000e-01,4.800000000000e+06,4.800000000000e+06
1.510000000000e-01,4.800000000000e+06,4.800000000000e+06
1.515000000000e-01,4.800000000000e+06,4.800000000000e+06
1.520000000000e-01,4.800000000000e+06,4.800000000000e+06
1.525000000000e-01,4.800000000000e+06,4.800000000000e+06
1.530000000000e-01,4.800000000000e+06,4.800000000000e+06
1.535000000000e-01,4.800000000000e+06,4.800000000000e+06
1.540000000000e-01,4.800000000000e+06,4.800000000000e+06
1.545000000000e-01,4.800000000000e+06,4.800000000000e+06
1.550000000000e-01,4.800000000000e+06,4.800000000000e+06
1.555000000000e-01,4.800000000000e+06,4.800000000000e+06
1.560000000000e-01,4.800000000000e+06,4.800000000000e+06
1.565000000000e-01,4.800000000000e+06,4.800000000000e+06
1.570000000000e-01,4.800000000000e+06,4.800000000000e+06
1.575000000000e-01,4.800000000000e+06,4.800000000000e+06
1.580000000000e-01,4.800000000000e+06,4.800000000000e+06
1.585000000000e-01,4.800000000000e+06,4.800000000000e+06
1.590000000000e-01,4.800000000000e+06,4.800000000000e+06
1.595000000000e-01,4.800000000000e+06,4.800000000000e+06
1.600000000000e-01,4.800000000000e+06,4.800000000000e+06
1.605000000000e-01,4.800000000000e+06,4.800000000000e+06
1.610000000000e-01,4.800000000000e+06,4.800000000000e+06
1.615000000000e-01,4.800000000000e+06,4.800000000000e+06
1.620000000000e-01,4.800000000000e+06,4.800000000000e+06
1.625000000000e-01,4.800000000000e+06,4.800000000000e+06
1.630000000000e-01,4.800000000000e+06,4.800000000000e+06
1.635000000000e-01,4.800000000000e+06,4.800000000000e+06
1.640000000000e-01,4.800000000000e+06,4.800000000000e+06
1.645000000000e-01,4.800000000000e+06,4.800000000000e+06
1.650000000000e-01,4.800000000000e+06,4.800000000000e+06
1.655000000000e-01,4.800000000000e+06,4.800000000000e+06
1.660000000000e-01,4.800000000000e+06,4.800000000000e+06
1.665000000000e-01,4.800000000000e+06,4.800000000000e+06
1.670000000000e-01,4.800000000000e+06,4.800000000000e+06
1.675000000000e-01,4.800000000000e+06,4.800000000000e+06
1.680000000000e-01,4.800000000000e+06,4.800000000000e+06
1.685000000000e-01,4.800000000000e+06,4.800000000000e+06
1.690000000000e-01,4.800000000000e+06,4.800000000000e+06
1.695000000000e-01,4.800000000000e+06,4.800000000000e+06
1.700000000000e-01,4.800000000000e+06,4.800000000000e+06
1.705000000000e-01,4.800000000000e+06,4.800000000000e+06
1.710000000000e-01,4.800000000000e+06,4.800000000000e+06
1.715000000000e-01,4.800000000000e+06,4.800000000000e+06
1.720000000000e-01,4.800000000000e+06,4.800000000000e+06
1.725000000000e-01,4.800000000000e+06,4.800000000000e+06
1.730000000000e-01,4.800000000000e+06,4.800000000000e+06
1.735000000000e-01,4.800000000000e+06,4.800000000000e+06
1.740000000000e-01,4.800000000000e+06,4.800000000000e+06
1.745000000000e-01,4.800000000000e+06,4.800000000000e+06
1.750000000000e-01,4.800000000000e+06,4.800000000000e+06
1.755000000000e-01,4.800000000000e+06,4.800000000000e+06
1.760000000000e-01,4.800000000000e+06,4.800000000000e+06
1.765000000000e-01,4.800000000000e+06,4.800000000000e+06
1.770000000000e-01,4.800000000000e+06,4.800000000000e+06
1.775000000000e-01,4.800000000000e+06,4.800000000000e+06
1.780000000000e-01,4.800000000000e+06,4.800000000000e+06
1.785000000000e-01,4.800000000000e+06,4.800000000000e+06
1.790000000000e-01,4.800000000000e+06,4.800000000000e+06
1.795000000000e-01,4.800000000000e+06,4.800000000000e+06
1.800000000000e-01,4.800000000000e+06,4.800000000000e+06
1.805000000000e-01,4.800000000000e+06,4.800000000000e+06
1.810000000000e-01,4.800000000000e+06,4.800000000000e+06
1.815000000000e-01,4.800000000000e+06,4.800000000000e+06
1.820000000000e-01,4.800000000000e+06,4.800000000000e+06
1.825000000000e-01,4.800000000000e+06,4.800000000000e+06
1.830000000000e-01,4.800000000000e+06,4.800000000000e+06
1.835000000000e-01,4.800000000000e+06,4.800000000000e+06
1.840000000000e-01,4.800000000000e+06,4.800000000000e+06
1.845000000000e-01,4.800000000000e+06,4.800000000000e+06
1.850000000000e-01,4.800000000000e+06,4.800000000000e+06
1.855000000000e-01,4.800000000000e+06,4.800000000000e+06
1.860000000000e-01,4.800000000000e+06,4.800000000000e+06
1.865000000000e-01,4.800000000000e+06,4.800000000000e+06
1.870000000000e-01,4.800000000000e+06,4.800000000000e+06
1.875000000000e-01,4.800000000000e+06,4.800000000000e+06
1.880000000000e-01,4.800000000000e+06,4.800000000000e+06
1.885000000000e-01,4.800000000000e+06,4.800000000000e+06
1.890000000000e-01,4.800000000000e+06,4.800000000000e+06
1.895000000000e-01,4.800000000000e+06,4.800000000000e+06
1.900000000000e-01,4.800000000000e+06,4.800000000000e+06
1.905000000000e-01,4.800000000000e+06,4.800000000000e+06
1.910000000000e-01,4.800000000000e+06,4.800000000000e+06
1.915000000000e-01,4.800000000000e+06,4.800000000000e+06
1.920000000000e-01,4.800000000000e+06,4.800000000000e+06
1.925000000000e-01,4.800000000000e+06,4.800000000000e+06
1.930000000000e-01,4.800000000000e+06,4.800000000000e+06
1.935000000000e-01,4.800000000000e+06,4.800000000000e+06
1.940000000000e-01,4.800000000000e+06,4.800000000000e+06
1.945000000000e-01,4.800000000000e+06,4.800000000000e+06
1.950000000000e-01,4.800000000000e+06,4.800000000000e+06
1.955000000000e-01,4.800000000000e+06,4.800000000000e+06
1.960000000000e-01,4.800000000000e+06,4.800000000000e+06
1.965000000000e-01,4.800000000000e+06,4.800000000000e+06
1.970000000000e-01,4.800000000000e+06,4.800000000000e+06
1.975000000000e-01,4.800000000000e+06,4.800000000000e+06
1.980000000000e-01,4.800000000000e+06,4.800000000000e+06
1.985000000000e-01,4.800000000000e+06,4.800000000000e+06
1.990000000000e-01,4.800000000000e+06,4.800000000000e+06
1.995000000000e-01,4.800000000000e+06,4.800000000000e+06
2.000000000000e-01,4.800000000000e+06,4.800000000000e+06
2.005000000000e-01,4.800000000000e+06,4.800000000000e+06
2.010000000000e-01,4.800000000000e+06,4.800000000000e+06
2.015000000000e-01,4.800000000000e+06,4.800000000000e+06
2.020000000000e-01,4.800000000000e+06,4.800000000000e+06
2.025000000000e-01,4.800000000000e+06,4.800000000000e+06
2.030000000000e-01,4.800000000000e+06,4.800000000000e+06
2.035000000000e-01,4.800000000000e+06,4.800000000000e+06
2.040000000000e-01,4.800000000000e+06,4.800000000000e+06
2.045000000000e-01,4.800000000000e+06,4.800000000000e+06
2.050000000000e-01,4.800000000000e+06,4.800000000000e+06
2.055000000000e-01,4.800000000000e+06,4.800000000000e+06
2.060000000000e-01,4.800000000000e+06,4.800000000000e+06
2.065000000000e-01,4.800000000000e+06,4.800000000000e+06
2.070000000000e-01,4.800000000000e+06,4.800000000000e+06
2.075000000000e-01,4.800000000000e+06,4.800000000000e+06
2.080000000000e-01,4.800000000000e+06,4.800000000000e+06
2.085000000000e-01,4.800000000000e+06,4.800000000000e+06
2.090000000000e-01,4.800000000000e+06,4.800000000000e+06
2.095000000000e-01,4.800000000000e+06,4.800000000000e+06
2.100000000000e-01,4.800000000000e+06,4.800000000000e+06
2.105000000000e-01,4.800000000000e+06,4.800000000000e+06
2.110000000000e-01,4.800000000000e+06,4.800000000000e+06
2.115000000000e-01,4.800000000000e+06,4.800000000000e+06
2.120000000000e-01,4.800000000000e+06,4.800000000000e+06
2.125000000000e-01,4.800000000000e+06,4.800000000000e+06
2.130000000000e-01,4.800000000000e+06,4.800000000000e+06
2.135000000000e-01,4.800000000000e+06,4.800000000000e+06
2.140000000000e-01,4.800000000000e+06,4.800000000000e+06
2.145000000000e-01,4.800000000000e+06,4.800000000000e+06
2.150000000000e-01,4.800000000000e+06,4.800000000000e+06
2.155000000000e-01,4.800000000000e+06,4.800000000000e+06
2.160000000000e-01,4.800000000000e+06,4.800000000000e+06
2.165000000000e-01,4.800000000000e+06,4.800000000000e+06
2.170000000000e-01,4.800000000000e+06,4.800000000000e+06
2.175000000000e-01,4.800000000000e+06,4.800000000000e+06
2.180000000000e-01,4.800000000000e+06,4.800000000000e+06
2.185000000000e-01,4.800000000000e+06,4.800000000000e+06
2.190000000000e-01,4.800000000000e+06,4.800000000000e+06
2.195000000000e-01,4.800000000000e+06,4.800000000000e+06
2.200000000000e-01,4.800000000000e+06,4.800000000000e+06
2.205000000000e-01,4.800000000000e+06,4.800000000000e+06
2.210000000000e-01,4.800000000000e+06,4.800000000000e+06
2.215000000000e-01,4.800000000000e+06,4.800000000000e+06
2.220000000000e-01,4.800000000000e+06,4.800000000000e+06
2.225000000000e-01,4.800000000000e+06,4.800000000000e+06
2.230000000000e-01,4.800000000000e+06,4.800000000000e+06
2.235000000000e-01,4.800000000000e+06,4.800000000000e+06
2.240000000000e-01,4.800000000000e+06,4.800000000000e+06
2.245000000000e-01,4.800000000000e+06,4.800000000000e+06
2.250000000000e-01,4.800000000000e+06,4.800000000000e+06
2.255000000000e-01,4.800000000000e+06,4.800000000000e+06
2.260000000000e-01,4.800000000000e+06,4.800000000000e+06
2.265000000000e-01,4.800000000000e+06,4.800000000000e+06
2.270000000000e-01,4.800000000000e+06,4.800000000000e+06
2.275000000000e-01,4.800000000000e+06,4.800000000000e+06
2.280000000000e-01,4.800000000000e+06,4.800000000000e+06
2.285000000000e-01,4.800000000000e+06,4.800000000000e+06
2.290000000000e-01,4.800000000000e+06,4.800000000000e+06
2.295000000000e-01,4.800000000000e+06,4.800000000000e+06
2.300000000000e-01,4.800000000000e+06,4.800000000000e+06
2.305000000000e-01,4.800000000000e+06,4.800000000000e+06
2.310000000000e-01,4.800000000000e+06,4.800000000000e+06
2.315000000000e-01,4.800000000000e+06,4.800000000000e+06
2.320000000000e-01,4.800000000000e+06,4.800000000000e+06
2.325000000000e-01,4.800000000000e+06,4.800000000000e+06
2.330000000000e-01,4.800000000000e+06,4.800000000000e+06
2.335000000000e-01,4.800000000000e+06,4.800000000000e+06
2.340000000000e-01,4.800000000000e+06,4.800000000000e+06
2.345000000000e-01,4.800000000000e+06,4.800000000000e+06
2.350000000000e-01,4.800000000000e+06,4.800000000000e+06
2.355000000000e-01,4.800000000000e+06,4.800000000000e+06
2.360000000000e-01,4.800000000000e+06,4.800000000000e+06
2.365000000000e-01,4.800000000000e+06,4.800000000000e+06
2.370000000000e-01,4.800000000000e+06,4.800000000000e+06
2.375000000000e-01,4.800000000000e+06,4.800000000000e+06
2.380000000000e-01,4.800000000000e+06,4.800000000000e+06
2.385000000000e-01,4.800000000000e+06,4.800000000000e+06
2.390000000000e-01,4.800000000000e+06,4.800000000000e+06
2.395000000000e-01,4.800000000000e+06,4.800000000000e+06
2.400000000000e-01,4.800000000000e+06,4.800000000000e+06
2.405000000000e-01,4.800000000000e+06,4.800000000000e+06
2.410000000000e-01,4.800000000000e+06,4.800000000000e+06
2.415000000000e-01,4.800000000000e+06,4.800000000000e+06
2.420000000000e-01,4.800000000000e+06,4.800000000000e+06
2.425000000000e-01,4.800000000000e+06,4.800000000000e+06
2.430000000000e-01,4.800000000000e+06,4.800000000000e+06
2.435000000000e-01,4.800000000000e+06,4.800000000000e+06
2.440000000000e-01,4.800000000000e+06,4.800000000000e+06
2.445000000000e-01,4.800000000000e+06,4.800000000000e+06
2.450000000000e-01,4.800000000000e+06,4.800000000000e+06
2.455000000000e-01,4.800000000000e+06,4.800000000000e+06
2.460000000000e-01,4.800000000000e+06,4.800000000000e+06
2.465000000000e-01,4.800000000000e+06,4.800000000000e+06
2.470000000000e-01,4.800000000000e+06,4.800000000000e+06
2.475000000000e-01,4.800000000000e+06,4.800000000000e+06
2.480000000000e-01,4.800000000000e+06,4.800000000000e+06
2.485000000000e-01,4.800000000000e+06,4.800000000000e+06
2.490000000000e-01,4.800000000000e+06,4.800000000000e+06
2.495000000000e-01,4.800000000000e+06,4.800000000000e+06
2.500000000000e-01,4.800000000000e+06,4.800000000000e+06
2.505000000000e-01,4.800000000000e+06,4.800000000000e+06
2.510000000000e-01,4.800000000000e+06,4.800000000000e+06
2.515000000000e-01,4.800000000000e+06,4.800000000000e+06
2.520000000000e-01,4.800000000000e+06,4.800000000000e+06
2.525000000000e-01,4.800000000000e+06,4.800000000000e+06
2.530000000000e-01,4.800000000000e+06,4.800000000000e+06
2.535000000000e-01,4.800000000000e+06,4.800000000000e+06
2.540000000000e-01,4.800000000000e+06,4.800000000000e+06
2.545000000000e-01,4.800000000000e+06,4.800000000000e+06
2.550000000000e-01,4.800000000000e+06,4.800000000000e+06
2.555000000000e-01,4.800000000000e+06,4.800000000000e+06
2.560000000000e-01,4.800000000000e+06,4.800000000000e+06
2.565000000000e-01,4.800000000000e+06,4.800000000000e+06
2.570000000000e-01,4.800000000000e+06,4.800000000000e+06
2.575000000000e-01,4.800000000000e+06,4.800000000000e+06
2.580000000000e-01,4.800000000000e+06,4.800000000000e+06
2.585000000000e-01,4.800000000000e+06,4.800000000000e+06
2.590000000000e-01,4.800000000000e+06,4.800000000000e+06
2.595000000000e-01,4.800000000000e+06,4.800000000000e+06
2.600000000000e-01,4.800000000000e+06,4.800000000000e+06
2.605000000000e-01,4.800000000000e+06,4.800000000000e+06
2.610000000000e-01,4.800000000000e+06,4.800000000000e+06
2.615000000000e-01,4.800000000000e+06,4.800000000000e+06
2.620000000000e-01,4.800000000000e+06,4.800000000000e+06
2.625000000000e-01,4.800000000000e+06,4.800000000000e+06
2.630000000000e-01,4.800000000000e+06,4.800000000000e+06
2.635000000000e-01,4.800000000000e+06,4.800000000000e+06
2.640000000000e-01,4.800000000000e+06,4.800000000000e+06
2.645000000000e-01,4.800000000000e+06,4.800000000000e+06
2.650000000000e-01,4.800000000000e+06,4.800000000000e+06
2.655000000000e-01,4.800000000000e+06,4.800000000000e+06
2.660000000000e-01,4.800000000000e+06,4.800000000000e+06
2.665000000000e-01,4.800000000000e+06,4.800000000000e+06
2.670000000000e-01,4.800000000000e+06,4.800000000000e+06
2.675000000000e-01,4.800000000000e+06,4.800000000000e+06
2.680000000000e-01,4.800000000000e+06,4.800000000000e+06
2.685000000000e-01,4.800000000000e+06,4.800000000000e+06
2.690000000000e-01,4.800000000000e+06,4.800000000000e+06
2.695000000000e-01,4.800000000000e+06,4.800000000000e+06
2.700000000000e-01,1.534250186099e+06,6.688807726849e+05
2.705000000000e-01,1.534250186099e+06,6.688807726849e+05
2.710000000000e-01,1.534250186099e+06,6.688807726849e+05
2.715000000000e-01,1.534250186099e+06,6.688807726849e+05
2.720000000000e-01,1.534250186099e+06,6.688807726849e+05
2.725000000000e-01,1.534250186099e+06,6.688807726849e+05
2.730000000000e-01,1.534250186099e+06,6.688807726849e+05
2.735000000000e-01,1.534250186099e+06,6.688807726849e+05
2.740000000000e-01,1.534250186099e+06,6.688807726849e+05
2.745000000000e-01,1.534250186099e+06,6.688807726849e+05
2.750000000000e-01,1.534250186099e+06,6.688807726849e+05
2.755000000000e-01,1.534250186099e+06,6.688807726849e+05
2.760000000000e-01,1.534250186099e+06,6.688807726849e+05
2.765000000000e-01,1.534250186099e+06,6.688807726849e+05
2.770000000000e-01,1.534250186099e+06,6.688807726849e+05
2.775000000000e-01,1.534250186099e+06,6.688807726849e+05
2.780000000000e-01,1.534250186099e+06,6.688807726849e+05
2.785000000000e-01,1.534250186099e+06,6.688807726849e+05
2.790000000000e-01,1.534250186099e+06,6.688807726849e+05
2.795000000000e-01,1.534250186099e+06,6.688807726849e+05
2.800000000000e-01,1.534250186099e+06,6.688807726849e+05
2.805000000000e-01,1.534250186099e+06,6.688807726849e+05
2.810000000000e-01,1.534250186099e+06,6.688807726849e+05
2.815000000000e-01,1.534250186099e+06,6.688807726849e+05
2.820000000000e-01,1.534250186099e+06,6.688807726849e+05
2.825000000000e-01,1.534250186099e+06,6.688807726849e+05
2.830000000000e-01,1.534250186099e+06,6.688807726849e+05
2.835000000000e-01,1.534250186099e+06,6.688807726849e+05
2.840000000000e-01,1.534250186099e+06,6.688807726849e+05
2.845000000000e-01,1.534250186099e+06,6.688807726849e+05
2.850000000000e-01,1.534250186099e+06,6.688807726849e+05
2.855000000000e-01,1.534250186099e+06,6.688807726849e+05
2.860000000000e-01,1.534250186099e+06,6.688807726849e+05
2.865000000000e-01,1.534250186099e+06,6.688807726849e+05
2.870000000000e-01,1.534250186099e+06,6.688807726849e+05
2.875000000000e-01,1.534250186099e+06,6.688807726849e+05
2.880000000000e-01,1.534250186099e+06,6.688807726849e+05
2.885000000000e-01,1.534250186099e+06,6.688807726849e+05
2.890000000000e-01,1.534250186099e+06,6.688807726849e+05
2.895000000000e-01,1.534250186099e+06,6.688807726849e+05
2.900000000000e-01,1.534250186099e+06,6.688807726849e+05
2.905000000000e-01,1.534250186099e+06,6.688807726849e+05
2.910000000000e-01,1.534250186099e+06,6.688807726849e+05
2.915000000000e-01,1.534250186099e+06,6.688807726849e+05
2.920000000000e-01,1.534250186099e+06,6.688807726849e+05
2.925000000000e-01,1.534250186099e+06,6.688807726849e+05
2.930000000000e-01,1.534250186099e+06,6.688807726849e+05
2.935000000000e-01,1.534250186099e+06,6.688807726849e+05
2.940000000000e-01,1.534250186099e+06,6.688807726849e+05
2.945000000000e-01,1.534250186099e+06,6.688807726849e+05
2.950000000000e-01,1.534250186099e+06,6.688807726849e+05
2.955000000000e-01,1.534250186099e+06,6.688807726849e+05
2.960000000000e-01,1.534250186099e+06,6.688807726849e+05
2.965000000000e-01,1.534250186099e+06,6.688807726849e+05
2.970000000000e-01,1.534250186099e+06,6.688807726849e+05
2.975000000000e-01,1.534250186099e+06,6.688807726849e+05
2.980000000000e-01,1.534250186099e+06,6.688807726849e+05
2.985000000000e-01,1.534250186099e+06,6.688807726849e+05
2.990000000000e-01,1.534250186099e+06,6.688807726849e+05
2.995000000000e-01,1.534250186099e+06,6.688807726849e+05
3.000000000000e-01,1.534250186099e+06,6.688807726849e+05
3.005000000000e-01,1.534250186099e+06,6.688807726849e+05
3.010000000000e-01,1.534250186099e+06,6.688807726849e+05
3.015000000000e-01,1.534250186099e+06,6.688807726849e+05
3.020000000000e-01,1.534250186099e+06,6.688807726849e+05
3.025000000000e-01,1.534250186099e+06,6.688807726849e+05
3.030000000000e-01,1.534250186099e+06,6.688807726849e+05
3.035000000000e-01,1.534250186099e+06,6.688807726849e+05
3.040000000000e-01,1.534250186099e+06,6.688807726849e+05
3.045000000000e-01,1.534250186099e+06,6.688807726849e+05
3.050000000000e-01,1.534250186099e+06,6.688807726849e+05
3.055000000000e-01,1.534250186099e+06,6.688807726849e+05
3.060000000000e-01,1.534250186099e+06,6.688807726849e+05
3.065000000000e-01,1.534250186099e+06,6.688807726849e+05
3.070000000000e-01,1.534250186099e+06,6.688807726849e+05
3.075000000000e-01,1.534250186099e+06,6.688807726849e+05
3.080000000000e-01,1.534250186099e+06,6.688807726849e+05
3.085000000000e-01,1.534250186099e+06,6.688807726849e+05
3.090000000000e-01,1.534250186099e+06,6.688807726849e+05
3.095000000000e-01,1.534250186099e+06,6.688807726849e+05
3.100000000000e-01,1.534250186099e+06,6.688807726849e+05
3.105000000000e-01,1.534250186099e+06,6.688807726849e+05
3.110000000000e-01,1.534250186099e+06,6.688807726849e+05
3.115000000000e-01,1.534250186099e+06,6.688807726849e+05
3.120000000000e-01,1.534250186099e+06,6.688807726849e+05
3.125000000000e-01,1.534250186099e+06,6.688807726849e+05
3.130000000000e-01,1.534250186099e+06,6.688807726849e+05
3.135000000000e-01,1.534250186099e+06,6.688807726849e+05
3.140000000000e-01,1.534250186099e+06,6.688807726849e+05
3.145000000000e-01,1.534250186099e+06,6.688807726849e+05
3.150000000000e-01,1.534250186099e+06,6.688807726849e+05
3.155000000000e-01,1.534250186099e+06,6.688807726849e+05
3.160000000000e-01,1.534250186099e+06,6.688807726849e+05
3.165000000000e-01,1.534250186099e+06,6.688807726849e+05
3.170000000000e-01,1.534250186099e+06,6.688807726849e+05
3.175000000000e-01,1.534250186099e+06,6.688807726849e+05
3.180000000000e-01,1.534250186099e+06,6.688807726849e+05
3.185000000000e-01,1.534250186099e+06,6.688807726849e+05
3.190000000000e-01,1.534250186099e+06,6.688807726849e+05
3.195000000000e-01,1.534250186099e+06,6.688807726849e+05
3.200000000000e-01,1.534250186099e+06,6.688807726849e+05
3.205000000000e-01,1.534250186099e+06,6.688807726849e+05
3.210000000000e-01,1.534250186099e+06,6.688807726849e+05
3.215000000000e-01,1.534250186099e+06,6.688807726849e+05
3.220000000000e-01,1.534250186099e+06,6.688807726849e+05
3.225000000000e-01,1.534250186099e+06,6.688807726849e+05
3.230000000000e-01,1.534250186099e+06,6.688807726849e+05
3.235000000000e-01,1.534250186099e+06,6.688807726849e+05
3.240000000000e-01,1.534250186099e+06,6.688807726849e+05
3.245000000000e-01,1.534250186099e+06,6.688807726849e+05
3.250000000000e-01,1.534250186099e+06,6.688807726849e+05
3.255000000000e-01,1.534250186099e+06,6.688807726849e+05
3.260000000000e-01,1.534250186099e+06,6.688807726849e+05
3.265000000000e-01,1.534250186099e+06,6.688807726849e+05
3.270000000000e-01,1.534250186099e+06,6.688807726849e+05
3.275000000000e-01,1.534250186099e+06,6.688807726849e+05
3.280000000000e-01,1.534250186099e+06,6.688807726849e+05
3.285000000000e-01,1.534250186099e+06,6.688807726849e+05
3.290000000000e-01,1.534250186099e+06,6.688807726849e+05
3.295000000000e-01,1.534250186099e+06,6.688807726849e+05
3.300000000000e-01,1.534250186099e+06,6.688807726849e+05
3.305000000000e-01,1.534250186099e+06,6.688807726849e+05
3.310000000000e-01,1.534250186099e+06,6.688807726849e+05
3.315000000000e-01,1.534250186099e+06,6.688807726849e+05
3.320000000000e-01,1.534250186099e+06,6.688807726849e+05
3.325000000000e-01,1.534250186099e+06,6.688807726849e+05
3.330000000000e-01,1.534250186099e+06,6.688807726849e+05
3.335000000000e-01,1.534250186099e+06,6.688807726849e+05
3.340000000000e-01,1.534250186099e+06,6.688807726849e+05
3.345000000000e-01,1.534250186099e+06,6.688807726849e+05
3.350000000000e-01,1.534250186099e+06,6.688807726849e+05
3.355000000000e-01,1.534250186099e+06,6.688807726849e+05
3.360000000000e-01,1.534250186099e+06,6.688807726849e+05
3.365000000000e-01,1.534250186099e+06,6.688807726849e+05
3.370000000000e-01,1.534250186099e+06,6.688807726849e+05
3.375000000000e-01,1.534250186099e+06,6.688807726849e+05
3.380000000000e-01,1.534250186099e+06,6.688807726849e+05
3.385000000000e-01,1.534250186099e+06,6.688807726849e+05
3.390000000000e-01,1.534250186099e+06,6.688807726849e+05
3.395000000000e-01,1.534250186099e+06,6.688807726849e+05
3.400000000000e-01,1.534250186099e+06,6.688807726849e+05
3.405000000000e-01,1.534250186099e+06,6.688807726849e+05
3.410000000000e-01,1.534250186099e+06,6.688807726849e+05
3.415000000000e-01,1.534250186099e+06,6.688807726849e+05
3.420000000000e-01,1.534250186099e+06,6.688807726849e+05
3.425000000000e-01,1.534250186099e+06,6.688807726849e+05
3.430000000000e-01,1.534250186099e+06,6.688807726849e+05
3.435000000000e-01,1.534250186099e+06,6.688807726849e+05
3.440000000000e-01,1.534250186099e+06,6.688807726849e+05
3.445000000000e-01,1.534250186099e+06,6.688807726849e+05
3.450000000000e-01,1.534250186099e+06,6.688807726849e+05
3.455000000000e-01,1.534250186099e+06,6.688807726849e+05
3.460000000000e-01,1.534250186099e+06,6.688807726849e+05
3.465000000000e-01,1.534250186099e+06,6.688807726849e+05
3.470000000000e-01,1.534250186099e+06,6.688807726849e+05
3.475000000000e-01,1.534250186099e+06,6.688807726849e+05
3.480000000000e-01,1.534250186099e+06,6.688807726849e+05
3.485000000000e-01,1.534250186099e+06,6.688807726849e+05
3.490000000000e-01,1.534250186099e+06,6.688807726849e+05
3.495000000000e-01,1.534250186099e+06,6.688807726849e+05
3.500000000000e-01,1.534250186099e+06,6.688807726849e+05
3.505000000000e-01,1.534250186099e+06,6.688807726849e+05
3.510000000000e-01,1.534250186099e+06,6.688807726849e+05
3.515000000000e-01,1.534250186099e+06,6.688807726849e+05
3.520000000000e-01,1.534250186099e+06,6.688807726849e+05
3.525000000000e-01,1.534250186099e+06,6.688807726849e+05
3.530000000000e-01,1.534250186099e+06,6.688807726849e+05
3.535000000000e-01,1.534250186099e+06,6.688807726849e+05
3.540000000000e-01,1.534250186099e+06,6.688807726849e+05
3.545000000000e-01,1.534250186099e+06,6.688807726849e+05
3.550000000000e-01,1.534250186099e+06,6.688807726849e+05
3.555000000000e-01,1.534250186099e+06,6.688807726849e+05
3.560000000000e-01,1.534250186099e+06,6.688807726849e+05
3.565000000000e-01,1.534250186099e+06,6.688807726849e+05
3.570000000000e-01,1.534250186099e+06,6.688807726849e+05
3.575000000000e-01,1.534250186099e+06,6.688807726849e+05
3.580000000000e-01,1.534250186099e+06,6.688807726849e+05
3.585000000000e-01,1.534250186099e+06,6.688807726849e+05
3.590000000000e-01,1.534250186099e+06,6.688807726849e+05
3.595000000000e-01,1.534250186099e+06,6.688807726849e+05
3.600000000000e-01,1.534250186099e+06,6.688807726849e+05
3.605000000000e-01,1.534250186099e+06,6.688807726849e+05
3.610000000000e-01,1.534250186099e+06,6.688807726849e+05
3.615000000000e-01,1.534250186099e+06,6.688807726849e+05
3.620000000000e-01,1.534250186099e+06,6.688807726849e+05
3.625000000000e-01,1.534250186099e+06,6.688807726849e+05
3.630000000000e-01,1.534250186099e+06,6.688807726849e+05
3.635000000000e-01,1.534250186099e+06,6.688807726849e+05
3.640000000000e-01,1.534250186099e+06,6.688807726849e+05
3.645000000000e-01,1.534250186099e+06,6.688807726849e+05
3.650000000000e-01,1.534250186099e+06,6.688807726849e+05
3.655000000000e-01,1.534250186099e+06,6.688807726849e+05
3.660000000000e-01,1.534250186099e+06,6.688807726849e+05
3.665000000000e-01,1.534250186099e+06,6.688807726849e+05
3.670000000000e-01,1.534250186099e+06,6.688807726849e+05
3.675000000000e-01,1.534250186099e+06,6.688807726849e+05
3.680000000000e-01,1.534250186099e+06,6.688807726849e+05
3.685000000000e-01,1.534250186099e+06,6.688807726849e+05
3.690000000000e-01,1.534250186099e+06,6.688807726849e+05
3.695000000000e-01,1.534250186099e+06,6.688807726849e+05
3.700000000000e-01,1.534250186099e+06,6.688807726849e+05
3.705000000000e-01,1.534250186099e+06,6.688807726849e+05
3.710000000000e-01,1.534250186099e+06,6.688807726849e+05
3.715000000000e-01,1.534250186099e+06,6.688807726849e+05
3.720000000000e-01,1.534250186099e+06,6.688807726849e+05
3.725000000000e-01,1.534250186099e+06,6.688807726849e+05
3.730000000000e-01,1.534250186099e+06,6.688807726849e+05
3.735000000000e-01,1.534250186099e+06,6.688807726849e+05
3.740000000000e-01,1.534250186099e+06,6.688807726849e+05
3.745000000000e-01,1.534250186099e+06,6.688807726849e+05
3.750000000000e-01,1.534250186099e+06,6.688807726849e+05
3.755000000000e-01,1.534250186099e+06,6.688807726849e+05
3.760000000000e-01,1.534250186099e+06,6.688807726849e+05
3.765000000000e-01,1.534250186099e+06,6.688807726849e+05
3.770000000000e-01,1.534250186099e+06,6.688807726849e+05
3.775000000000e-01,1.534250186099e+06,6.688807726849e+05
3.780000000000e-01,1.534250186099e+06,6.688807726849e+05
3.785000000000e-01,1.534250186099e+06,6.688807726849e+05
3.790000000000e-01,1.534250186099e+06,6.688807726849e+05
3.795000000000e-01,1.534250186099e+06,6.688807726849e+05
3.800000000000e-01,1.534250186099e+06,6.688807726849e+05
3.805000000000e-01,1.534250186099e+06,6.688807726849e+05
3.810000000000e-01,1.534250186099e+06,6.688807726849e+05
3.815000000000e-01,1.534250186099e+06,6.688807726849e+05
3.820000000000e-01,1.534250186099e+06,6.688807726849e+05
3.825000000000e-01,1.534250186099e+06,6.688807726849e+05
3.830000000000e-01,1.534250186099e+06,6.688807726849e+05
3.835000000000e-01,1.534250186099e+06,6.688807726849e+05
3.840000000000e-01,1.534250186099e+06,6.688807726849e+05
3.845000000000e-01,1.534250186099e+06,6.688807726849e+05
3.850000000000e-01,1.534250186099e+06,6.688807726849e+05
3.855000000000e-01,1.534250186099e+06,6.688807726849e+05
3.860000000000e-01,1.534250186099e+06,6.688807726849e+05
3.865000000000e-01,1.534250186099e+06,6.688807726849e+05
3.870000000000e-01,1.534250186099e+06,6.688807726849e+05
3.875000000000e-01,1.534250186099e+06,6.688807726849e+05
3.880000000000e-01,1.534250186099e+06,6.688807726849e+05
3.885000000000e-01,1.534250186099e+06,6.688807726849e+05
3.890000000000e-01,1.534250186099e+06,6.688807726849e+05
3.895000000000e-01,1.534250186099e+06,6.688807726849e+05
3.900000000000e-01,1.534250186099e+06,6.688807726849e+05
3.905000000000e-01,1.534250186099e+06,6.688807726849e+05
3.910000000000e-01,1.534250186099e+06,6.688807726849e+05
3.915000000000e-01,1.534250186099e+06,6.688807726849e+05
3.920000000000e-01,1.534250186099e+06,6.688807726849e+05
3.925000000000e-01,1.534250186099e+06,6.688807726849e+05
3.930000000000e-01,1.534250186099e+06,6.688807726849e+05
3.935000000000e-01,1.534250186099e+06,6.688807726849e+05
3.940000000000e-01,1.534250186099e+06,6.688807726849e+05
3.945000000000e-01,1.534250186099e+06,6.688807726849e+05
3.950000000000e-01,1.534250186099e+06,6.688807726849e+05
3.955000000000e-01,1.534250186099e+06,6.688807726849e+05
3.960000000000e-01,1.534250186099e+06,6.688807726849e+05
3.965000000000e-01,1.534250186099e+06,6.688807726849e+05
3.970000000000e-01,1.534250186099e+06,6.688807726849e+05
3.975000000000e-01,1.534250186099e+06,6.688807726849e+05
3.980000000000e-01,1.534250186099e+06,6.688807726849e+05
3.985000000000e-01,1.534250186099e+06,6.688807726849e+05
3.990000000000e-01,1.534250186099e+06,6.688807726849e+05
3.995000000000e-01,1.534250186099e+06,6.688807726849e+05
4.000000000000e-01,1.534250186099e+06,6.688807726849e+05
4.005000000000e-01,1.534250186099e+06,6.688807726849e+05
4.010000000000e-01,1.534250186099e+06,6.688807726849e+05
4.015000000000e-01,1.534250186099e+06,6.688807726849e+05
4.020000000000e-01,1.534250186099e+06,6.688807726849e+05
4.025000000000e-01,1.534250186099e+06,6.688807726849e+05
4.030000000000e-01,1.534250186099e+06,6.688807726849e+05
4.035000000000e-01,1.534250186099e+06,6.688807726849e+05
4.040000000000e-01,1.534250186099e+06,6.688807726849e+05
4.045000000000e-01,1.534250186099e+06,6.688807726849e+05
4.050000000000e-01,1.534250186099e+06,6.688807726849e+05
4.055000000000e-01,1.534250186099e+06,6.688807726849e+05
4.060000000000e-01,1.534250186099e+06,6.688807726849e+05
4.065000000000e-01,1.534250186099e+06,6.688807726849e+05
4.070000000000e-01,1.534250186099e+06,6.688807726849e+05
4.075000000000e-01,1.534250186099e+06,6.688807726849e+05
4.080000000000e-01,1.534250186099e+06,6.688807726849e+05
4.085000000000e-01,1.534250186099e+06,6.688807726849e+05
4.090000000000e-01,1.534250186099e+06,6.688807726849e+05
4.095000000000e-01,1.534250186099e+06,6.688807726849e+05
4.100000000000e-01,1.534250186099e+06,6.688807726849e+05
4.105000000000e-01,1.534250186099e+06,6.688807726849e+05
4.110000000000e-01,1.534250186099e+06,6.688807726849e+05
4.115000000000e-01,1.534250186099e+06,6.688807726849e+05
4.120000000000e-01,1.534250186099e+06,6.688807726849e+05
4.125000000000e-01,1.534250186099e+06,6.688807726849e+05
4.130000000000e-01,1.534250186099e+06,6.688807726849e+05
4.135000000000e-01,1.534250186099e+06,6.688807726849e+05
4.140000000000e-01,1.534250186099e+06,6.688807726849e+05
4.145000000000e-01,1.534250186099e+06,6.688807726849e+05
4.150000000000e-01,1.534250186099e+06,6.688807726849e+05
4.155000000000e-01,1.534250186099e+06,6.688807726849e+05
4.160000000000e-01,1.534250186099e+06,6.688807726849e+05
4.165000000000e-01,1.534250186099e+06,6.688807726849e+05
4.170000000000e-01,1.534250186099e+06,6.688807726849e+05
4.175000000000e-01,1.534250186099e+06,6.688807726849e+05
4.180000000000e-01,1.534250186099e+06,6.688807726849e+05
4.185000000000e-01,1.534250186099e+06,6.688807726849e+05
4.190000000000e-01,1.534250186099e+06,6.688807726849e+05
4.195000000000e-01,1.534250186099e+06,6.688807726849e+05
4.200000000000e-01,1.534250186099e+06,6.688807726849e+05
4.205000000000e-01,1.534250186099e+06,6.688807726849e+05
4.210000000000e-01,1.534250186099e+06,6.688807726849e+05
4.215000000000e-01,1.534250186099e+06,6.688807726849e+05
4.220000000000e-01,1.534250186099e+06,6.688807726849e+05
4.225000000000e-01,1.534250186099e+06,6.688807726849e+05
4.230000000000e-01,1.534250186099e+06,6.688807726849e+05
4.235000000000e-01,1.534250186099e+06,6.688807726849e+05
4.240000000000e-01,1.534250186099e+06,6.688807726849e+05
4.245000000000e-01,1.534250186099e+06,6.688807726849e+05
4.250000000000e-01,1.534250186099e+06,6.688807726849e+05
4.255000000000e-01,1.534250186099e+06,6.688807726849e+05
4.260000000000e-01,1.534250186099e+06,6.688807726849e+05
4.265000000000e-01,1.534250186099e+06,6.688807726849e+05
4.270000000000e-01,1.534250186099e+06,6.688807726849e+05
4.275000000000e-01,1.534250186099e+06,6.688807726849e+05
4.280000000000e-01,1.534250186099e+06,6.688807726849e+05
4.285000000000e-01,1.534250186099e+06,6.688807726849e+05
4.290000000000e-01,1.534250186099e+06,6.688807726849e+05
4.295000000000e-01,1.534250186099e+06,6.688807726849e+05
4.300000000000e-01,1.534250186099e+06,6.688807726849e+05
4.305000000000e-01,1.534250186099e+06,6.688807726849e+05
4.310000000000e-01,1.534250186099e+06,6.688807726849e+05
4.315000000000e-01,1.534250186099e+06,6.688807726849e+05
4.320000000000e-01,1.534250186099e+06,6.688807726849e+05
4.325000000000e-01,1.534250186099e+06,6.688807726849e+05
4.330000000000e-01,1.534250186099e+06,6.688807726849e+05
4.335000000000e-01,1.534250186099e+06,6.688807726849e+05
4.340000000000e-01,1.534250186099e+06,6.688807726849e+05
4.345000000000e-01,1.534250186099e+06,6.688807726849e+05
4.350000000000e-01,1.534250186099e+06,6.688807726849e+05
4.355000000000e-01,1.534250186099e+06,6.688807726849e+05
4.360000000000e-01,1.534250186099e+06,6.688807726849e+05
4.365000000000e-01,1.534250186099e+06,6.688807726849e+05
4.370000000000e-01,1.534250186099e+06,6.688807726849e+05
4.375000000000e-01,1.534250186099e+06,6.688807726849e+05
4.380000000000e-01,1.534250186099e+06,6.688807726849e+05
4.385000000000e-01,1.534250186099e+06,6.688807726849e+05
4.390000000000e-01,1.534250186099e+06,6.688807726849e+05
4.395000000000e-01,1.534250186099e+06,6.688807726849e+05
4.400000000000e-01,1.534250186099e+06,6.688807726849e+05
4.405000000000e-01,1.534250186099e+06,6.688807726849e+05
4.410000000000e-01,1.534250186099e+06,6.688807726849e+05
4.415000000000e-01,1.534250186099e+06,6.688807726849e+05
4.420000000000e-01,1.534250186099e+06,6.688807726849e+05
4.425000000000e-01,1.534250186099e+06,6.688807726849e+05
4.430000000000e-01,1.534250186099e+06,6.688807726849e+05
4.435000000000e-01,1.534250186099e+06,6.688807726849e+05
4.440000000000e-01,1.534250186099e+06,6.688807726849e+05
4.445000000000e-01,1.534250186099e+06,6.688807726849e+05
4.450000000000e-01,1.534250186099e+06,6.688807726849e+05
4.455000000000e-01,1.534250186099e+06,6.688807726849e+05
4.460000000000e-01,1.534250186099e+06,6.688807726849e+05
4.465000000000e-01,1.534250186099e+06,6.688807726849e+05
4.470000000000e-01,1.534250186099e+06,6.688807726849e+05
4.475000000000e-01,1.534250186099e+06,6.688807726849e+05
4.480000000000e-01,1.534250186099e+06,6.688807726849e+05
4.485000000000e-01,1.534250186099e+06,6.688807726849e+05
4.490000000000e-01,1.534250186099e+06,6.688807726849e+05
4.495000000000e-01,1.534250186099e+06,6.688807726849e+05
4.500000000000e-01,1.534250186099e+06,6.688807726849e+05
