t_hours,alpha_max0.001,x_spall_max0.001,x_crush_max0.001,alpha_max0.01,x_spall_max0.01,x_crush_max0.01,alpha_max0.03,x_spall_max0.03,x_crush_max0.03
0.000000000000e+00,1.000000000000e-05,9.385790229847e-01,3.021109631842e+00,1.000000000000e-05,9.385790229847e-01,3.021109631842e+00,1.000000000000e-05,9.385790229847e-01,3.021109631842e+00
2.500000000000e-01,1.000000000000e-05,9.385790229847e-01,3.021109631842e+00,1.000000000000e-05,9.385790229847e-01,3.021109631842e+00,1.000000000000e-05,9.385790229847e-01,3.021109631842e+00
5.000000000000e-01,1.000000000000e-05,9.385790229847e-01,3.021109631842e+00,1.000000000000e-05,9.385790229847e-01,3.021109631842e+00,1.000000000000e-05,9.385790229847e-01,3.021109631842e+00
7.500000000000e-01,1.000000000000e-05,9.385790229847e-01,3.021109631842e+00,1.000000000000e-05,9.385790229847e-01,3.021109631842e+00,1.000000000000e-05,9.385790229847e-01,3.021109631842e+00
1.000000000000e+00,1.000000000000e-05,9.385790229847e-01,3.021109631842e+00,1.000000000000e-05,9.385790229847e-01,3.021109631842e+00,1.000000000000e-05,9.385790229847e-01,3.021109631842e+00
1.250000000000e+00,1.000000000000e-05,9.385790229847e-01,3.021109631842e+00,1.000000000000e-05,9.385790229847e-01,3.021109631842e+00,1.000000000000e-05,9.385790229847e-01,3.021109631842e+00
1.500000000000e+00,1.000000000000e-05,9.385790229847e-01,3.021109631842e+00,1.000000000000e-05,9.385790229847e-01,3.021109631842e+00,1.000000000000e-05,9.385790229847e-01,3.021109631842e+00
1.750000000000e+00,1.000000000000e-05,9.385790229847e-01,3.021109631842e+00,1.000000000000e-05,9.385790229847e-01,3.021109631842e+00,1.000000000000e-05,9.385790229847e-01,3.021109631842e+00
2.000000000000e+00,1.000000000000e-05,9.385790229847e-01,3.021109631842e+00,1.000000000000e-05,9.385790229847e-01,3.021109631842e+00,1.000000000000e-05,9.385790229847e-01,3.021109631842e+00
2.250000000000e+00,1.000000000000e-05,9.385790229847e-01,3.021109631842e+00,1.000000000000e-05,9.385790229847e-01,3.021109631842e+00,1.000000000000e-05,9.385790229847e-01,3.021109631842e+00
2.500000000000e+00,1.000000000000e-05,9.385790229847e-01,3.021109631842e+00,1.000000000000e-05,9.385790229847e-01,3.021109631842e+00,1.000000000000e-05,9.385790229847e-01,3.021109631842e+00
2.750000000000e+00,1.000000000000e-05,9.385790229847e-01,3.021109631842e+00,1.000000000000e-05,9.385790229847e-01,3.021109631842e+00,1.000000000000e-05,9.385790229847e-01,3.021109631842e+00
3.000000000000e+00,1.000000000000e-05,9.385790229847e-01,3.021109631842e+00,1.000000000000e-05,9.385790229847e-01,3.021109631842e+00,1.000000000000e-05,9.385790229847e-01,3.021109631842e+00
3.250000000000e+00,1.000000000000e-05,9.385790229847e-01,3.021109631842e+00,1.000000000000e-05,9.385790229847e-01,3.021109631842e+00,1.000000000000e-05,9.385790229847e-01,3.021109631842e+00
3.500000000000e+00,1.000000000000e-05,9.385790229847e-01,3.021109631842e+00,1.000000000000e-05,9.385790229847e-01,3.021109631842e+00,1.000000000000e-05,9.385790229847e-01,3.021109631842e+00
3.750000000000e+00,1.000000000000e-05,9.385790229847e-01,3.021109631842e+00,1.000000000000e-05,9.385790229847e-01,3.021109631842e+00,1.000000000000e-05,9.385790229847e-01,3.021109631842e+00
4.000000000000e+00,1.000000000000e-05,9.385790229847e-01,3.021109631842e+00,1.000000000000e-05,9.385790229847e-01,3.021109631842e+00,1.000000000000e-05,9.385790229847e-01,3.021109631842e+00
4.250000000000e+00,1.000000000000e-05,9.385790229847e-01,3.021109631842e+00,1.000000000000e-05,9.385790229847e-01,3.021109631842e+00,1.000000000000e-05,9.385790229847e-01,3.021109631842e+00
4.500000000000e+00,1.000000000000e-05,9.385790229847e-01,3.021109631842e+00,1.000000000000e-05,9.385790229847e-01,3.021109631842e+00,1.000000000000e-05,9.385790229847e-01,3.021109631842e+00
4.750000000000e+00,1.000000000000e-05,9.385790229847e-01,3.021109631842e+00,1.000000000000e-05,9.385790229847e-01,3.021109631842e+00,1.000000000000e-05,9.385790229847e-01,3.021109631842e+00
5.000000000000e+00,1.000000000000e-05,9.385790229847e-01,3.021109631842e+00,1.000000000000e-05,9.385790229847e-01,3.021109631842e+00,1.000000000000e-05,9.385790229847e-01,3.021109631842e+00
5.250000000000e+00,1.000000000000e-05,9.385790229847e-01,3.021109631842e+00,1.000000000000e-05,9.385790229847e-01,3.021109631842e+00,1.000000000000e-05,9.385790229847e-01,3.021109631842e+00
5.500000000000e+00,1.000000000000e-05,9.385790229847e-01,3.021109631842e+00,1.000000000000e-05,9.385790229847e-01,3.021109631842e+00,1.000000000000e-05,9.385790229847e-01,3.021109631842e+00
5.750000000000e+00,1.000000000000e-05,9.385790229847e-01,3.021109631842e+00,1.000000000000e-05,9.385790229847e-01,3.021109631842e+00,1.000000000000e-05,9.385790229847e-01,3.021109631842e+00
6.000000000000e+00,1.000000000000e-05,9.385790229847e-01,3.021109631842e+00,1.000000000000e-05,9.385790229847e-01,3.021109631842e+00,1.000000000000e-05,9.385790229847e-01,3.021109631842e+00
6.250000000000e+00,1.423479361996e-05,9.401166473199e-01,3.020789261813e+00,5.273291743782e-05,9.537663259643e-01,3.017931741530e+00,1.382843036997e-04,9.836852114984e-01,3.011583995111e+00
6.500000000000e+00,2.686671598691e-05,9.446141538390e-01,3.019850413740e+00,1.802004976861e-04,9.980800975316e-01,3.008489566421e+00,5.209422347954e-04,1.125395316049e+00,2.984912595325e+00
6.750000000000e+00,4.767963140691e-05,9.519744100660e-01,3.018308277641e+00,3.902217351061e-04,1.077395043383e+00,2.993723434086e+00,1.151426409993e-03,1.352583997988e+00,2.943525913264e+00
7.000000000000e+00,7.631742512670e-05,9.620315994466e-01,3.016189712101e+00,6.792031080967e-04,1.181747188670e+00,2.974315358966e+00,2.018949070252e-03,1.667446905701e+00,2.889980410531e+00
7.250000000000e+00,1.122900965558e-04,9.746826531351e-01,3.013506043579e+00,1.042200065245e-03,1.311347704657e+00,2.950693013655e+00,3.108666662333e-03,2.078965293653e+00,2.826433466080e+00
7.500000000000e+00,1.549821433127e-04,9.892153501180e-01,3.010398894927e+00,1.473001627973e-03,1.466692526063e+00,2.923165858455e+00,4.401933816108e-03,2.568340588781e+00,2.755624352896e+00
7.750000000000e+00,2.036630926407e-04,1.006654587837e+00,3.006822875415e+00,1.964236662101e-03,1.647685774741e+00,2.893262153863e+00,5.876622372014e-03,3.069183211862e+00,2.687300152381e+00
8.000000000000e+00,2.575000000000e-04,1.027473488316e+00,3.002874277005e+00,2.507500000000e-03,1.849969391364e+00,2.861110500396e+00,7.507500000000e-03,3.512686027186e+00,2.618119443858e+00
8.250000000000e+00,3.155717009793e-04,1.049284381699e+00,2.998787629745e+00,3.093496255336e-03,2.073312185106e+00,2.827222957008e+00,9.266661931685e-03,3.891405592306e+00,2.548932380234e+00
8.500000000000e+00,3.768845726743e-04,1.072799203565e+00,2.994554214973e+00,3.712198869713e-03,2.310640066609e+00,2.792500355754e+00,1.112400841869e-02,4.292817112384e+00,2.482900270931e+00
8.750000000000e+00,4.403895348511e-04,1.096563091391e+00,2.990225464365e+00,4.353021669861e-03,2.549744545993e+00,2.758214023459e+00,1.304775974766e-02,4.626583531285e+00,2.423987136976e+00
9.000000000000e+00,5.050000000000e-04,1.119146324077e+00,2.986074971063e+00,5.005000000000e-03,2.779615055057e+00,2.727750442558e+00,1.500500000000e-02,4.874851359004e+00,2.367135099907e+00
9.250000000000e+00,5.696104651489e-04,1.143293303426e+00,2.981573630763e+00,5.656978330139e-03,2.997939106987e+00,2.696912605190e+00,1.696224025234e-02,5.059248390938e+00,2.313809316579e+00
9.500000000000e+00,6.331154273257e-04,1.164527868476e+00,2.977592668551e+00,6.297801130287e-03,3.195358938243e+00,2.669829275200e+00,1.888599158131e-02,5.198773756459e+00,2.264415160198e+00
9.750000000000e+00,6.944282990207e-04,1.187164821622e+00,2.973281754543e+00,6.916503744664e-03,3.366603210653e+00,2.642306178777e+00,2.074333806831e-02,5.302767619374e+00,2.221992362936e+00
1.000000000000e+01,7.525000000000e-04,1.206735076546e+00,2.969538670046e+00,7.502500000000e-03,3.511450105455e+00,2.618316112532e+00,2.250250000000e-02,5.375373430460e+00,2.184100424754e+00
1.025000000000e+01,8.063369073593e-04,1.224336937838e+00,2.966147835327e+00,8.045763337899e-03,3.637185685840e+00,2.597096481844e+00,2.413337762799e-02,5.434951592663e+00,2.151140256554e+00
1.050000000000e+01,8.550178566873e-04,1.241748570424e+00,2.962746672944e+00,8.536998372027e-03,3.736222507658e+00,2.576922395655e+00,2.560806618389e-02,5.477650769612e+00,2.122246222878e+00
1.075000000000e+01,8.977099034442e-04,1.257181573781e+00,2.959921021750e+00,8.967799934755e-03,3.827248222265e+00,2.560130712409e+00,2.690133333767e-02,5.502157998288e+00,2.096849037797e+00
1.100000000000e+01,9.336825748733e-04,1.270673810185e+00,2.957643417421e+00,9.330796891903e-03,3.905161658148e+00,2.546574638390e+00,2.799105092975e-02,5.522271527629e+00,2.076192982572e+00
1.125000000000e+01,9.623203685931e-04,1.281024199982e+00,2.955892638233e+00,9.619778264894e-03,3.967105601957e+00,2.536141034450e+00,2.885857359001e-02,5.537470081748e+00,2.060200228551e+00
1.150000000000e+01,9.831332840131e-04,1.288342799104e+00,2.954652907364e+00,9.829799502314e-03,4.012711634343e+00,2.528745957820e+00,2.948905776520e-02,5.548097302378e+00,2.048814455164e+00
1.175000000000e+01,9.957652063800e-04,1.292704795713e+00,2.953913327393e+00,9.957267082562e-03,4.041369132009e+00,2.524331513174e+00,2.987171569630e-02,5.554384709594e+00,2.041997614290e+00
1.200000000000e+01,1.000000000000e-03,1.294153997531e+00,2.953667503463e+00,1.000000000000e-02,4.050966157227e+00,2.522863759549e+00,3.000000000000e-02,5.556465945912e+00,2.039727729165e+00
1.225000000000e+01,9.957652063800e-04,1.292704795713e+00,2.953913327393e+00,9.957267082562e-03,4.041369132009e+00,2.524331513174e+00,2.987171569630e-02,5.554384709594e+00,2.041997614290e+00
1.250000000000e+01,9.831332840131e-04,1.288342799104e+00,2.954652907364e+00,9.829799502314e-03,4.012711634343e+00,2.528745957820e+00,2.948905776520e-02,5.548097302378e+00,2.048814455164e+00
1.275000000000e+01,9.623203685931e-04,1.281024199982e+00,2.955892638233e+00,9.619778264894e-03,3.967105601957e+00,2.536141034450e+00,2.885857359001e-02,5.537470081748e+00,2.060200228551e+00
1.300000000000e+01,9.336825748733e-04,1.270673810185e+00,2.957643417421e+00,9.330796891903e-03,3.905161658148e+00,2.546574638390e+00,2.799105092975e-02,5.522271527629e+00,2.076192982572e+00
1.325000000000e+01,8.977099034442e-04,1.257181573781e+00,2.959921021750e+00,8.967799934755e-03,3.827248222265e+00,2.560130712409e+00,2.690133333767e-02,5.502157998288e+00,2.096849037797e+00
1.350000000000e+01,8.550178566873e-04,1.241748570424e+00,2.962746672944e+00,8.536998372027e-03,3.736222507658e+00,2.576922395655e+00,2.560806618389e-02,5.477650769612e+00,2.122246222878e+00
1.375000000000e+01,8.063369073593e-04,1.224336937838e+00,2.966147835327e+00,8.045763337899e-03,3.637185685840e+00,2.597096481844e+00,2.413337762799e-02,5.434951592663e+00,2.151140256554e+00
1.400000000000e+01,7.525000000000e-04,1.206735076546e+00,2.969538670046e+00,7.502500000000e-03,3.511450105455e+00,2.618316112532e+00,2.250250000000e-02,5.375373430460e+00,2.184100424754e+00
1.425000000000e+01,6.944282990207e-04,1.187164821622e+00,2.973281754543e+00,6.916503744664e-03,3.366603210653e+00,2.642306178777e+00,2.074333806831e-02,5.302767619374e+00,2.221992362936e+00
1.450000000000e+01,6.331154273257e-04,1.164527868476e+00,2.977592668551e+00,6.297801130287e-03,3.195358938243e+00,2.669829275200e+00,1.888599158131e-02,5.198773756459e+00,2.264415160198e+00
1.475000000000e+01,5.696104651489e-04,1.143293303426e+00,2.981573630763e+00,5.656978330139e-03,2.997939106987e+00,2.696912605190e+00,1.696224025234e-02,5.059248390938e+00,2.313809316579e+00
1.500000000000e+01,5.050000000000e-04,1.119146324077e+00,2.986074971063e+00,5.005000000000e-03,2.779615055057e+00,2.727750442558e+00,1.500500000000e-02,4.874851359004e+00,2.367135099907e+00
1.525000000000e+01,4.403895348511e-04,1.096563091391e+00,2.990225464365e+00,4.353021669861e-03,2.549744545993e+00,2.758214023459e+00,1.304775974766e-02,4.626583531285e+00,2.423987136976e+00
1.550000000000e+01,3.768845726743e-04,1.072799203565e+00,2.994554214973e+00,3.712198869713e-03,2.310640066609e+00,2.792500355754e+00,1.112400841869e-02,4.292817112384e+00,2.482900270931e+00
1.575000000000e+01,3.155717009793e-04,1.049284381699e+00,2.998787629745e+00,3.093496255336e-03,2.073312185106e+00,2.827222957008e+00,9.266661931685e-03,3.891405592306e+00,2.548932380234e+00
1.600000000000e+01,2.575000000000e-04,1.027473488316e+00,3.002874277005e+00,2.507500000000e-03,1.849969391364e+00,2.861110500396e+00,7.507500000000e-03,3.512686027186e+00,2.618119443858e+00
1.625000000000e+01,2.036630926407e-04,1.006654587837e+00,3.006822875415e+00,1.964236662101e-03,1.647685774741e+00,2.893262153863e+00,5.876622372014e-03,3.069183211862e+00,2.687300152381e+00
1.650000000000e+01,1.549821433127e-04,9.892153501180e-01,3.010398894927e+00,1.473001627973e-03,1.466692526063e+00,2.923165858455e+00,4.401933816108e-03,2.568340588781e+00,2.755624352896e+00
1.675000000000e+01,1.122900965558e-04,9.746826531351e-01,3.013506043579e+00,1.042200065245e-03,1.311347704657e+00,2.950693013655e+00,3.108666662333e-03,2.078965293653e+00,2.826433466080e+00
1.700000000000e+01,7.631742512670e-05,9.620315994466e-01,3.016189712101e+00,6.792031080967e-04,1.181747188670e+00,2.974315358966e+00,2.018949070252e-03,1.667446905701e+00,2.889980410531e+00
1.725000000000e+01,4.767963140691e-05,9.519744100660e-01,3.018308277641e+00,3.902217351061e-04,1.077395043383e+00,2.993723434086e+00,1.151426409993e-03,1.352583997988e+00,2.943525913264e+00
1.750000000000e+01,2.686671598691e-05,9.446141538390e-01,3.019850413740e+00,1.802004976861e-04,9.980800975316e-01,3.008489566421e+00,5.209422347954e-04,1.125395316049e+00,2.984912595325e+00
1.775000000000e+01,1.423479361996e-05,9.401166473199e-01,3.020789261813e+00,5.273291743782e-05,9.537663259643e-01,3.017931741530e+00,1.382843036997e-04,9.836852114984e-01,3.011583995111e+00
1.800000000000e+01,1.000000000000e-05,9.385790229847e-01,3.021109631842e+00,1.000000000000e-05,9.385790229847e-01,3.021109631842e+00,1.000000000000e-05,9.385790229847e-01,3.021109631842e+00
1.825000000000e+01,1.000000000000e-05,9.385790229847e-01,3.021109631842e+00,1.000000000000e-05,9.385790229847e-01,3.021109631842e+00,1.000000000000e-05,9.385790229847e-01,3.021109631842e+00
1.850000000000e+01,1.000000000000e-05,9.385790229847e-01,3.021109631842e+00,1.000000000000e-05,9.385790229847e-01,3.021109631842e+00,1.000000000000e-05,9.385790229847e-01,3.021109631842e+00
1.875000000000e+01,1.000000000000e-05,9.385790229847e-01,3.021109631842e+00,1.000000000000e-05,9.385790229847e-01,3.021109631842e+00,1.000000000000e-05,9.385790229847e-01,3.021109631842e+00
1.900000000000e+01,1.000000000000e-05,9.385790229847e-01,3.021109631842e+00,1.000000000000e-05,9.385790229847e-01,3.021109631842e+00,1.000000000000e-05,9.385790229847e-01,3.021109631842e+00
1.925000000000e+01,1.000000000000e-05,9.385790229847e-01,3.021109631842e+00,1.000000000000e-05,9.385790229847e-01,3.021109631842e+00,1.000000000000e-05,9.385790229847e-01,3.021109631842e+00
1.950000000000e+01,1.000000000000e-05,9.385790229847e-01,3.021109631842e+00,1.000000000000e-05,9.385790229847e-01,3.021109631842e+00,1.000000000000e-05,9.385790229847e-01,3.021109631842e+00
1.975000000000e+01,1.000000000000e-05,9.385790229847e-01,3.021109631842e+00,1.000000000000e-05,9.385790229847e-01,3.021109631842e+00,1.000000000000e-05,9.385790229847e-01,3.021109631842e+00
2.000000000000e+01,1.000000000000e-05,9.385790229847e-01,3.021109631842e+00,1.000000000000e-05,9.385790229847e-01,3.021109631842e+00,1.000000000000e-05,9.385790229847e-01,3.021109631842e+00
2.025000000000e+01,1.000000000000e-05,9.385790229847e-01,3.021109631842e+00,1.000000000000e-05,9.385790229847e-01,3.021109631842e+00,1.000000000000e-05,9.385790229847e-01,3.021109631842e+00
2.050000000000e+01,1.000000000000e-05,9.385790229847e-01,3.021109631842e+00,1.000000000000e-05,9.385790229847e-01,3.021109631842e+00,1.000000000000e-05,9.385790229847e-01,3.021109631842e+00
2.075000000000e+01,1.000000000000e-05,9.385790229847e-01,3.021109631842e+00,1.000000000000e-05,9.385790229847e-01,3.021109631842e+00,1.000000000000e-05,9.385790229847e-01,3.021109631842e+00
2.100000000000e+01,1.000000000000e-05,9.385790229847e-01,3.021109631842e+00,1.000000000000e-05,9.385790229847e-01,3.021109631842e+00,1.000000000000e-05,9.385790229847e-01,3.021109631842e+00
2.125000000000e+01,1.000000000000e-05,9.385790229847e-01,3.021109631842e+00,1.000000000000e-05,9.385790229847e-01,3.021109631842e+00,1.000000000000e-05,9.385790229847e-01,3.021109631842e+00
2.150000000000e+01,1.000000000000e-05,9.385790229847e-01,3.021109631842e+00,1.000000000000e-05,9.385790229847e-01,3.021109631842e+00,1.000000000000e-05,9.385790229847e-01,3.021109631842e+00
2.175000000000e+01,1.000000000000e-05,9.385790229847e-01,3.021109631842e+00,1.000000000000e-05,9.385790229847e-01,3.021109631842e+00,1.000000000000e-05,9.385790229847e-01,3.021109631842e+00
2.200000000000e+01,1.000000000000e-05,9.385790229847e-01,3.021109631842e+00,1.000000000000e-05,9.385790229847e-01,3.021109631842e+00,1.000000000000e-05,9.385790229847e-01,3.021109631842e+00
2.225000000000e+01,1.000000000000e-05,9.385790229847e-01,3.021109631842e+00,1.000000000000e-05,9.385790229847e-01,3.021109631842e+00,1.000000000000e-05,9.385790229847e-01,3.021109631842e+00
2.250000000000e+01,1.000000000000e-05,9.385790229847e-01,3.021109631842e+00,1.000000000000e-05,9.385790229847e-01,3.021109631842e+00,1.000000000000e-05,9.385790229847e-01,3.021109631842e+00
2.275000000000e+01,1.000000000000e-05,9.385790229847e-01,3.021109631842e+00,1.000000000000e-05,9.385790229847e-01,3.021109631842e+00,1.000000000000e-05,9.385790229847e-01,3.021109631842e+00
2.300000000000e+01,1.000000000000e-05,9.385790229847e-01,3.021109631842e+00,1.000000000000e-05,9.385790229847e-01,3.021109631842e+00,1.000000000000e-05,9.385790229847e-01,3.021109631842e+00
2.325000000000e+01,1.000000000000e-05,9.385790229847e-01,3.021109631842e+00,1.000000000000e-05,9.385790229847e-01,3.021109631842e+00,1.000000000000e-05,9.385790229847e-01,3.021109631842e+00
2.350000000000e+01,1.000000000000e-05,9.385790229847e-01,3.021109631842e+00,1.000000000000e-05,9.385790229847e-01,3.021109631842e+00,1.000000000000e-05,9.385790229847e-01,3.021109631842e+00
2.375000000000e+01,1.000000000000e-05,9.385790229847e-01,3.021109631842e+00,1.000000000000e-05,9.385790229847e-01,3.021109631842e+00,1.000000000000e-05,9.385790229847e-01,3.021109631842e+00
2.400000000000e+01,1.000000000000e-05,9.385790229847e-01,3.021109631842e+00,1.000000000000e-05,9.385790229847e-01,3.021109631842e+00,1.000000000000e-05,9.385790229847e-01,3.021109631842e+00
